trader_name,owner_name,license_number,latitude,longitude,inspection_status,instrument_type
Schowalter - Abshire Kirana Store,Wilbert Dare,LMO/2026/10001,28.506350,76.676494,Pending,Platform Scale
Collier - Schroeder Fuel Station,Ms. Marian Spinka,LMO/2026/10002,28.429808,77.002804,Passed,Analytical Precision Balance
Erdman Inc Flour Mill,Haskell Hahn,LMO/2026/10003,29.391101,77.227515,Passed,Crane Scale
Jast Batz and Lang Dairy & Sweets,Nathen Hoeger,LMO/2026/10004,29.216021,77.381054,Pending,Flow Meter
Greenfelder Hoeger and Howe Cold Storage,Mrs. Alysa Bahringer,LMO/2026/10005,28.902579,76.686301,Failed,Electronic Counter Scale
Rohan and Sons Supermarket,Roderick Runolfsdottir,LMO/2026/10006,29.085939,76.548918,Passed,Non-Automatic Weighing Instrument
Ritchie Howell and Schimmel General Trading Co,Maritza Lang MD,LMO/2026/10007,29.399768,77.029012,Pending,Platform Scale
Greenfelder - Blanda Fertilizers & Agro Chemicals,Katrina Shields,LMO/2026/10008,28.487726,76.853060,Passed,Flow Meter
Runolfsson and Sons Pharma Labs,Vera Leuschke DVM,LMO/2026/10009,29.475476,76.773539,Pending,Platform Scale
Mante - Durgan Pharma Labs,Marlon Gibson II,LMO/2026/10010,28.499155,76.616889,Failed,Weighbridge
Rippin - Moore Jewellers,Mr. Torrance Sipes,LMO/2026/10011,29.619012,77.465213,Pending,Analytical Precision Balance
Ebert - Wolff Hardware & Steel Depot,Breanna Zemlak,LMO/2026/10012,28.479667,76.439825,Passed,Electronic Weighing Scale
Donnelly LLC General Trading Co,Rosanna Marks-Welch,LMO/2026/10013,28.167827,77.329767,Passed,Automatic Gravimetric Filling Scale
Jacobs-Weissnat - Hand Hardware & Steel Depot,Novella Marks,LMO/2026/10014,29.215138,77.473563,Pending,Electronic Weighing Scale
Conn Walter and Rempel Grain Market Depot,Frederique Rolfson II,LMO/2026/10015,28.696706,76.512764,Passed,Crane Scale
Bergnaum LLC Hardware & Steel Depot,Mr. Demond Reichel,LMO/2026/10016,29.236157,77.017276,Pending,Electronic Weighing Scale
Thiel-Spinka Smith and Runolfsdottir Cotton Ginning Mill,Wallace Hintz,LMO/2026/10017,28.879718,76.818863,Passed,Electronic Counter Scale
Lubowitz-Oberbrunner Kemmer and Kutch Flour Mill,Charlene Koelpin,LMO/2026/10018,28.550640,76.633423,Passed,Electronic Counter Scale
Howell and Sons Supermarket,Icie Hilpert,LMO/2026/10019,29.563090,77.292607,Passed,Non-Automatic Weighing Instrument
Bayer - Schmidt Cotton Ginning Mill,Pasquale Trantow V,LMO/2026/10020,28.609597,76.960405,Pending,Flow Meter
Doyle Inc Dairy & Sweets,Mr. Shane Douglas,LMO/2026/10021,29.150479,76.513862,Failed,Flow Meter
Koepp - Renner Jewellers,Urban Cummings-Turcotte,LMO/2026/10022,28.588318,77.321048,Passed,Fuel Dispenser
King - Bradtke Grain Market Depot,Gust Friesen,LMO/2026/10023,29.690168,77.215108,Passed,Automatic Gravimetric Filling Scale
Flatley Bergstrom-Heaney and West Dairy & Sweets,Rylan Dibbert-Okuneva I,LMO/2026/10024,28.796462,76.655046,Passed,Platform Scale
Emmerich Ortiz and Schaden Dairy & Sweets,Aaron Lang,LMO/2026/10025,28.986843,77.499185,Failed,Weighbridge
Keebler - Moore-Lind Hardware & Steel Depot,Addison Crist,LMO/2026/10026,28.742875,76.528012,Passed,Platform Scale
Cremin Paucek and Kunde Fertilizers & Agro Chemicals,Mr. Damion Medhurst,LMO/2026/10027,29.006031,77.448693,Passed,Platform Scale
Haley Ward and Reilly Cold Storage,Marguerite Schimmel IV,LMO/2026/10028,29.070144,76.787437,Failed,Platform Scale
Kozey Luettgen and Collier Fertilizers & Agro Chemicals,Herminia Dietrich,LMO/2026/10029,29.710449,76.589690,Passed,Weighbridge
Weber - Gusikowski Flour Mill,Mrs. Clair Bruen,LMO/2026/10030,29.621949,76.896603,Passed,Electronic Weighing Scale
Schuster - Howe Kirana Store,Mr. Eldred Pouros DDS,LMO/2026/10031,28.606934,76.947171,Pending,Fuel Dispenser
Bins - Towne Kirana Store,Haleigh Kling,LMO/2026/10032,28.254056,77.493746,Passed,Fuel Dispenser
Abbott Murray and Dickens Fuel Station,Jose Christiansen,LMO/2026/10033,29.521222,76.611517,Passed,Platform Scale
Daugherty and Sons Grain Market Depot,Alvin Larson,LMO/2026/10034,29.631919,76.712170,Passed,Fuel Dispenser
Kuvalis Inc Hardware & Steel Depot,Kyleigh Schneider,LMO/2026/10035,28.747893,77.387699,Pending,Flow Meter
Schowalter - Hayes Fuel Station,Reggie McCullough,LMO/2026/10036,29.569676,76.862172,Pending,Fuel Dispenser
Kassulke Inc Jewellers,Name Stracke-Bosco,LMO/2026/10037,29.203307,77.465673,Passed,Non-Automatic Weighing Instrument
Lakin-Reichert Gottlieb and Greenholt Logistics Hub,Maximillia Strosin,LMO/2026/10038,28.495000,76.631917,Passed,Crane Scale
Sipes - Reichel Logistics Hub,Ms. Desiree Wyman,LMO/2026/10039,28.563013,76.361832,Passed,Fuel Dispenser
Ruecker and Sons Pharma Labs,Vivianne Funk,LMO/2026/10040,29.089828,76.411964,Pending,Flow Meter
Kuhlman Group Pharma Labs,Lucie Greenholt-Ernser,LMO/2026/10041,28.772069,76.612767,Failed,Flow Meter
Rippin - McClure Fertilizers & Agro Chemicals,Ignatius Reilly I,LMO/2026/10042,28.949700,76.960337,Failed,Electronic Counter Scale
Dickens LLC Fertilizers & Agro Chemicals,Susan Hahn,LMO/2026/10043,28.760068,77.479392,Pending,Fuel Dispenser
Ankunding Kautzer and Prohaska Hardware & Steel Depot,Rudy Lubowitz,LMO/2026/10044,29.472375,77.275015,Passed,Crane Scale
Wiza Inc General Trading Co,Bartholome Gottlieb,LMO/2026/10045,29.098695,76.618322,Pending,Automatic Gravimetric Filling Scale
Purdy LLC General Trading Co,Phillip Weissnat,LMO/2026/10046,28.178247,77.066877,Passed,Crane Scale
Prohaska - Kirlin-Kuvalis Cold Storage,Elvera Murazik,LMO/2026/10047,28.430075,76.528420,Passed,Flow Meter
Pouros Group Grain Market Depot,Wallace Ullrich,LMO/2026/10048,29.150162,76.565506,Pending,Crane Scale
VonRueden - Pacocha Grain Market Depot,Barney Conroy,LMO/2026/10049,28.379183,77.360825,Pending,Weighbridge
Greenholt LLC Cold Storage,Ms. Jada Stracke,LMO/2026/10050,29.628407,76.476972,Passed,Flow Meter
Brakus - Witting Flour Mill,Lula Howe,LMO/2026/10051,28.759721,76.941602,Passed,Platform Scale
Marks - White Jewellers,Jordan Herman,LMO/2026/10052,29.530129,76.890761,Pending,Flow Meter
Spinka and Sons Kirana Store,Geo Russel I,LMO/2026/10053,29.741059,77.375601,Pending,Platform Scale
Barrows and Sons Pharma Labs,Arjun Tillman IV,LMO/2026/10054,28.905443,77.184501,Passed,Weighbridge
Bailey - Altenwerth Flour Mill,Demario Feeney,LMO/2026/10055,28.234973,77.155264,Passed,Fuel Dispenser
Johnson Hand and Sawayn Hardware & Steel Depot,Mrs. Cordie Daniel,LMO/2026/10056,29.465384,77.237809,Passed,Flow Meter
Kulas Heller and Gleason-Hansen Fertilizers & Agro Chemicals,Reyna Pfeffer,LMO/2026/10057,28.661275,76.605998,Passed,Platform Scale
Orn-Harvey - Kreiger Cotton Ginning Mill,Randolph Becker,LMO/2026/10058,28.720881,77.486267,Passed,Analytical Precision Balance
Wyman Inc Supermarket,Sheila Terry,LMO/2026/10059,29.712743,76.496330,Pending,Electronic Weighing Scale
Boyle Kuhic and Zulauf Supermarket,Ms. Jan Kemmer,LMO/2026/10060,29.018220,76.820470,Pending,Electronic Weighing Scale
Langworth - Kuhic Cold Storage,Dr. Gabe Greenfelder,LMO/2026/10061,28.695526,77.270400,Failed,Non-Automatic Weighing Instrument
Borer - Stehr Fertilizers & Agro Chemicals,Jacey Dibbert,LMO/2026/10062,29.397150,77.017400,Passed,Flow Meter
Hand - Medhurst Supermarket,Shelly Reilly III,LMO/2026/10063,28.402555,76.947392,Passed,Electronic Counter Scale
Lebsack and Sons Cold Storage,Mr. Alford Fisher,LMO/2026/10064,29.462104,76.740194,Passed,Weighbridge
Mertz - Harvey Jewellers,Zoe O'Reilly,LMO/2026/10065,29.596751,77.015429,Pending,Electronic Weighing Scale
Medhurst Emard and Ledner Jewellers,Raphael Kozey,LMO/2026/10066,28.684547,76.793515,Pending,Electronic Weighing Scale
Streich Group General Trading Co,Helen Orn,LMO/2026/10067,28.894974,76.944814,Failed,Automatic Gravimetric Filling Scale
Mueller - Schneider Kirana Store,Jace Lesch,LMO/2026/10068,29.453700,76.527659,Pending,Weighbridge
Prohaska Group Flour Mill,Alberto Waelchi,LMO/2026/10069,29.057576,77.160184,Pending,Weighbridge
Dickinson - Kemmer Grain Market Depot,Rodolfo Lynch,LMO/2026/10070,29.640972,77.137603,Failed,Platform Scale
Pouros Lehner and Gerlach Cotton Ginning Mill,Cullen Kutch,LMO/2026/10071,29.333632,77.479260,Passed,Electronic Weighing Scale
Leffler LLC Fertilizers & Agro Chemicals,Georgia Kilback-Thiel,LMO/2026/10072,28.310299,77.326656,Passed,Fuel Dispenser
Jast Group Jewellers,Kaley Gibson,LMO/2026/10073,28.858693,76.744025,Passed,Electronic Weighing Scale
Schroeder Cruickshank and Kertzmann Cold Storage,Brooks Feeney,LMO/2026/10074,28.490560,77.013267,Passed,Electronic Counter Scale
Ziemann Inc Kirana Store,Hilton Mayert,LMO/2026/10075,28.895661,77.281386,Passed,Crane Scale
Weber - Wiza Supermarket,Cortney Harvey,LMO/2026/10076,29.485901,77.254486,Pending,Crane Scale
McClure - Bauch Pharma Labs,Maxie Crona,LMO/2026/10077,28.358653,76.613944,Pending,Crane Scale
Mraz Borer and Boehm Fuel Station,Abdul Romaguera,LMO/2026/10078,28.268827,77.141400,Failed,Flow Meter
Tillman Marks and Cole Hardware & Steel Depot,Anita Mitchell,LMO/2026/10079,28.636625,76.475048,Pending,Weighbridge
Torphy Nader and Kuhic Cotton Ginning Mill,Damian Ziemann,LMO/2026/10080,29.671929,76.618791,Passed,Non-Automatic Weighing Instrument
Bartoletti - Hickle Supermarket,Maddison Lesch,LMO/2026/10081,29.063301,76.877652,Passed,Flow Meter
Paucek - Kozey Kirana Store,Sammy Morissette,LMO/2026/10082,28.934938,77.071727,Passed,Platform Scale
Mann - Braun-D'Amore Dairy & Sweets,Mrs. Kirstin O'Connell,LMO/2026/10083,28.492102,76.722643,Passed,Fuel Dispenser
Cronin Hammes and Grant Logistics Hub,Armand Koelpin,LMO/2026/10084,29.731727,77.283327,Passed,Electronic Counter Scale
Rogahn Jerde and Purdy Pharma Labs,Okey Fisher,LMO/2026/10085,28.359834,76.576890,Pending,Electronic Weighing Scale
Orn - Lind Supermarket,Calista Koepp,LMO/2026/10086,29.612920,76.440642,Passed,Crane Scale
Miller - Runolfsson Hardware & Steel Depot,Heloise Kuvalis,LMO/2026/10087,28.510836,77.014556,Pending,Fuel Dispenser
Leuschke McCullough and Bechtelar Fertilizers & Agro Chemicals,Graciela Kunde I,LMO/2026/10088,28.423381,77.234693,Failed,Fuel Dispenser
Rosenbaum Wehner and Wiza Cotton Ginning Mill,Milford Olson,LMO/2026/10089,28.434446,76.790962,Passed,Electronic Counter Scale
Von - Huels Logistics Hub,Ashlee Carroll-Schinner Jr.,LMO/2026/10090,28.285000,76.597567,Passed,Platform Scale
Stracke LLC Dairy & Sweets,Brad Boyle,LMO/2026/10091,28.517214,77.257250,Passed,Fuel Dispenser
Langworth Grimes and Schumm Dairy & Sweets,Jose Runolfsson,LMO/2026/10092,29.137772,76.469609,Pending,Platform Scale
Jacobs - Rippin Logistics Hub,Antonina Stiedemann,LMO/2026/10093,28.723082,76.719740,Pending,Electronic Weighing Scale
Bogan and Sons Grain Market Depot,Madilyn Erdman,LMO/2026/10094,28.319186,77.441321,Pending,Flow Meter
Towne - Volkman Hardware & Steel Depot,Mrs. Aubree Dach Jr.,LMO/2026/10095,29.406224,77.000787,Passed,Crane Scale
Abbott - Jerde General Trading Co,Broderick Gulgowski IV,LMO/2026/10096,29.661703,77.215191,Passed,Analytical Precision Balance
Ebert Inc Cotton Ginning Mill,Erwin Prohaska,LMO/2026/10097,28.554243,77.180082,Pending,Analytical Precision Balance
Bailey Towne and Harvey Cold Storage,Johan Schiller,LMO/2026/10098,29.580789,77.168012,Passed,Weighbridge
Larkin - D'Amore Fertilizers & Agro Chemicals,Darby Lowe,LMO/2026/10099,28.965212,77.064124,Passed,Non-Automatic Weighing Instrument
Koelpin - Jaskolski Dairy & Sweets,Kallie Schoen,LMO/2026/10100,29.677516,77.365574,Passed,Electronic Counter Scale
Kulas Group Jewellers,Vena Carroll,LMO/2026/10101,29.223563,77.364322,Pending,Non-Automatic Weighing Instrument
Brakus Hegmann and McGlynn Kirana Store,Ned Carroll,LMO/2026/10102,29.118572,77.197491,Pending,Automatic Gravimetric Filling Scale
Orn Halvorson and Schmidt Dairy & Sweets,Melyna Schowalter,LMO/2026/10103,28.350376,77.175058,Failed,Fuel Dispenser
Hettinger Dickens and Deckow Grain Market Depot,Sandy Schowalter,LMO/2026/10104,28.440162,76.584642,Passed,Automatic Gravimetric Filling Scale
Lakin Stoltenberg and Hand-Jakubowski Grain Market Depot,Jan Wyman,LMO/2026/10105,28.479672,76.586118,Failed,Electronic Weighing Scale
Marks and Sons Kirana Store,Joanie Reilly-Grimes,LMO/2026/10106,28.372694,77.459595,Pending,Weighbridge
Hamill-Keeling Inc Cotton Ginning Mill,Shaniya Wunsch,LMO/2026/10107,28.245112,76.980888,Failed,Weighbridge
Abbott - Heaney Jewellers,Karson Runte,LMO/2026/10108,29.594203,76.631351,Passed,Platform Scale
Medhurst - Murphy Dairy & Sweets,Jaiden Gibson,LMO/2026/10109,29.266562,77.308901,Passed,Automatic Gravimetric Filling Scale
Williamson Lebsack and McKenzie Jewellers,Asha Beer,LMO/2026/10110,28.515793,76.558666,Passed,Flow Meter
Walter Group Flour Mill,Darwin Nikolaus,LMO/2026/10111,29.280998,77.019518,Passed,Flow Meter
Brown - Ferry Fertilizers & Agro Chemicals,Audrey Kuhic,LMO/2026/10112,29.421106,76.683647,Passed,Electronic Counter Scale
Ullrich - Hintz Logistics Hub,Tina Moen,LMO/2026/10113,28.866303,77.417565,Pending,Analytical Precision Balance
Bosco Schmitt-Hyatt and DuBuque Hardware & Steel Depot,Mack Jenkins,LMO/2026/10114,28.156348,76.899347,Passed,Flow Meter
Von Stamm and Wolff Supermarket,Eleanora Becker,LMO/2026/10115,28.374560,77.424703,Passed,Flow Meter
Howell - King Pharma Labs,Karine Mohr,LMO/2026/10116,28.573305,76.370781,Pending,Automatic Gravimetric Filling Scale
Hoeger Group Jewellers,Yvonne Collins,LMO/2026/10117,28.840985,76.453779,Pending,Electronic Weighing Scale
Bernier Conroy and Okuneva Pharma Labs,Doyle Prohaska,LMO/2026/10118,28.445170,77.087448,Passed,Non-Automatic Weighing Instrument
Jones-Fadel Hodkiewicz and Cummerata Dairy & Sweets,Mr. Frederick Ward,LMO/2026/10119,28.458250,76.585852,Passed,Electronic Weighing Scale
Abbott LLC Dairy & Sweets,Mrs. Alexandra Gutmann,LMO/2026/10120,29.214187,76.748078,Passed,Non-Automatic Weighing Instrument
Gulgowski and Sons Logistics Hub,Omer Schroeder,LMO/2026/10121,29.027573,76.429876,Passed,Fuel Dispenser
Bosco - Simonis Fertilizers & Agro Chemicals,Christopher Hauck,LMO/2026/10122,29.660218,77.454186,Passed,Automatic Gravimetric Filling Scale
Schmitt LLC Grain Market Depot,Jorge Hegmann,LMO/2026/10123,29.438216,77.240003,Pending,Crane Scale
Mills McCullough and Hettinger General Trading Co,Roosevelt Bogisich,LMO/2026/10124,28.869371,76.968353,Failed,Crane Scale
Rippin-Abernathy Inc Cotton Ginning Mill,Emerson Brown,LMO/2026/10125,28.818097,77.332139,Pending,Fuel Dispenser
Schmidt - Bosco Logistics Hub,Fletcher Hahn,LMO/2026/10126,28.606124,76.722233,Passed,Analytical Precision Balance
Monahan - Carroll Cotton Ginning Mill,Camden Ullrich-Hyatt,LMO/2026/10127,29.738114,77.066860,Failed,Flow Meter
White Group Fuel Station,Cade Macejkovic,LMO/2026/10128,29.317202,76.624060,Passed,Platform Scale
Kassulke Group Grain Market Depot,Yolanda Braun,LMO/2026/10129,29.615530,77.081755,Failed,Platform Scale
Emmerich - Ondricka Dairy & Sweets,Trenton Johnson,LMO/2026/10130,29.515281,77.082998,Passed,Electronic Counter Scale
Bechtelar - Lynch Kirana Store,Millie Stanton,LMO/2026/10131,29.446132,77.165868,Passed,Analytical Precision Balance
Ziemann Inc General Trading Co,Cyrus Funk V,LMO/2026/10132,28.703665,76.855469,Pending,Electronic Counter Scale
Moen Group Kirana Store,Bradly Hammes,LMO/2026/10133,28.295329,76.573213,Passed,Non-Automatic Weighing Instrument
Swaniawski - Cummerata Fertilizers & Agro Chemicals,Edwardo Kihn,LMO/2026/10134,29.548033,77.311678,Failed,Weighbridge
Fadel Terry and Ullrich Logistics Hub,Mr. Geoffrey Franecki,LMO/2026/10135,28.801619,76.981690,Passed,Non-Automatic Weighing Instrument
Herman - Simonis Hardware & Steel Depot,Ophelia Schmidt,LMO/2026/10136,28.460539,76.478607,Passed,Non-Automatic Weighing Instrument
Denesik Grant-Dare and Little Logistics Hub,Alia Erdman,LMO/2026/10137,29.082323,76.648271,Failed,Fuel Dispenser
Botsford Group Jewellers,Wesley Bogisich,LMO/2026/10138,28.754570,77.101789,Passed,Analytical Precision Balance
Feil - Raynor Supermarket,Mr. Reagan Walter,LMO/2026/10139,28.523505,76.734894,Pending,Electronic Counter Scale
Ullrich Inc Supermarket,Litzy Johnston PhD,LMO/2026/10140,28.353046,77.000448,Pending,Analytical Precision Balance
Stark-Rodriguez - Bernhard Grain Market Depot,Pasquale Cremin III,LMO/2026/10141,29.642960,76.567950,Pending,Automatic Gravimetric Filling Scale
Kessler Group Cotton Ginning Mill,Alycia Wiegand,LMO/2026/10142,28.611164,76.550781,Passed,Non-Automatic Weighing Instrument
Moen - Schaefer Cotton Ginning Mill,Dr. Wellington Nader,LMO/2026/10143,28.923913,76.858551,Pending,Platform Scale
Stokes and Sons Grain Market Depot,Margaret Reynolds,LMO/2026/10144,29.342422,76.645165,Pending,Automatic Gravimetric Filling Scale
Johnston-Schaden Bosco and Walsh Fuel Station,Brionna Stroman,LMO/2026/10145,28.973263,76.420398,Passed,Platform Scale
Abbott - Bins Hardware & Steel Depot,Adrain Weimann,LMO/2026/10146,28.553935,77.126875,Passed,Crane Scale
Okuneva - Bayer Cotton Ginning Mill,Richard Ledner,LMO/2026/10147,29.656768,76.803819,Passed,Analytical Precision Balance
Yost Farrell and Willms Fertilizers & Agro Chemicals,Mrs. Hailey Homenick,LMO/2026/10148,28.229731,76.917285,Passed,Flow Meter
Tromp Group Cold Storage,Deondre Mayer MD,LMO/2026/10149,29.600979,77.351492,Passed,Platform Scale
Runolfsson Inc Logistics Hub,Ilene Bayer,LMO/2026/10150,28.695414,76.975880,Pending,Automatic Gravimetric Filling Scale
Jacobson and Sons Fuel Station,Burley Shields,LMO/2026/10151,28.553543,77.357697,Passed,Automatic Gravimetric Filling Scale
Feil and Sons Hardware & Steel Depot,Wanda McCullough,LMO/2026/10152,28.385721,77.360182,Passed,Platform Scale
Prosacco Corwin and Schiller Logistics Hub,Shanon Stanton,LMO/2026/10153,28.167050,77.123859,Pending,Electronic Weighing Scale
Quigley - McDermott Fertilizers & Agro Chemicals,Rodrick Legros,LMO/2026/10154,29.365460,76.741689,Pending,Weighbridge
Wilkinson - Gutmann Pharma Labs,Reilly Labadie,LMO/2026/10155,28.505897,77.499494,Passed,Platform Scale
Schinner - Johnson-Moen Jewellers,Elisha Schuster,LMO/2026/10156,29.682930,76.863805,Pending,Platform Scale
Mayert Grant and Rath Flour Mill,Della Hintz,LMO/2026/10157,28.242694,76.910055,Pending,Non-Automatic Weighing Instrument
Marvin Welch and Williamson Logistics Hub,Ambrose Keeling,LMO/2026/10158,28.340809,77.488191,Passed,Flow Meter
Kiehn Inc Hardware & Steel Depot,Cordie Koss,LMO/2026/10159,28.283963,76.525637,Pending,Electronic Weighing Scale
Fay Rice and Mann Supermarket,Prince Lowe,LMO/2026/10160,28.329808,77.256494,Pending,Fuel Dispenser
Kihn - Hagenes Flour Mill,Nannie Cronin,LMO/2026/10161,29.518428,77.422070,Passed,Fuel Dispenser
Tromp - Sporer Hardware & Steel Depot,Dr. Lea Dooley,LMO/2026/10162,29.461715,76.528389,Pending,Crane Scale
Hammes Reinger and Beer Fertilizers & Agro Chemicals,Jadyn Hoppe,LMO/2026/10163,29.018219,77.045860,Passed,Analytical Precision Balance
Goodwin Douglas and Tromp Cotton Ginning Mill,Anissa Quitzon,LMO/2026/10164,28.927502,76.916653,Pending,Crane Scale
Hand Gerhold and Satterfield Pharma Labs,Chyna Stark,LMO/2026/10165,29.356617,76.606564,Passed,Flow Meter
Price Inc Grain Market Depot,Reilly Brekke,LMO/2026/10166,29.459898,76.921012,Passed,Analytical Precision Balance
Mann - Hudson Grain Market Depot,Freddie Considine,LMO/2026/10167,29.580896,77.367360,Failed,Automatic Gravimetric Filling Scale
Heaney LLC Dairy & Sweets,Mrs. Lavinia Veum,LMO/2026/10168,28.785446,77.114843,Failed,Fuel Dispenser
Rosenbaum Inc Jewellers,Boyd Satterfield,LMO/2026/10169,29.309559,76.998775,Passed,Electronic Weighing Scale
Rodriguez Group Jewellers,Minnie Becker,LMO/2026/10170,29.749978,77.479550,Failed,Automatic Gravimetric Filling Scale
Olson Champlin and Bruen Supermarket,Dillon Lakin,LMO/2026/10171,29.492140,77.479552,Passed,Platform Scale
Homenick Inc Cold Storage,Karolann Leffler,LMO/2026/10172,29.390284,76.740086,Passed,Analytical Precision Balance
Morissette - Schimmel Fuel Station,Brooks Kozey,LMO/2026/10173,29.156413,76.794865,Passed,Non-Automatic Weighing Instrument
Renner Inc Pharma Labs,Oren Hilpert,LMO/2026/10174,29.474323,77.044012,Passed,Automatic Gravimetric Filling Scale
Orn Collier-Kris and Doyle Pharma Labs,Stephania Williamson,LMO/2026/10175,29.142067,77.498942,Passed,Non-Automatic Weighing Instrument
Koelpin Jacobs and Murphy Supermarket,Demond Howe,LMO/2026/10176,28.520475,76.735453,Pending,Non-Automatic Weighing Instrument
Mann and Sons Hardware & Steel Depot,Xzavier Langworth,LMO/2026/10177,28.182709,77.385104,Failed,Analytical Precision Balance
Hills and Sons Cotton Ginning Mill,Destany Wiegand,LMO/2026/10178,29.177791,76.841625,Passed,Analytical Precision Balance
Oberbrunner and Sons Kirana Store,Conor Lockman,LMO/2026/10179,29.473731,77.027825,Passed,Fuel Dispenser
Bartell Group Supermarket,Adella Dare,LMO/2026/10180,29.375157,77.420446,Failed,Weighbridge
Greenholt Torp and Kshlerin Hardware & Steel Depot,Wilson Swaniawski,LMO/2026/10181,28.612221,77.335892,Pending,Flow Meter
Oberbrunner Block and Fisher Logistics Hub,Krista Christiansen PhD,LMO/2026/10182,29.032985,77.187193,Passed,Electronic Counter Scale
Wehner Willms and Dibbert Hardware & Steel Depot,Christiana Streich,LMO/2026/10183,28.168628,77.154492,Pending,Automatic Gravimetric Filling Scale
Cummerata Schultz and Runolfsson Kirana Store,Tom Stiedemann,LMO/2026/10184,28.687950,76.414424,Pending,Flow Meter
West Inc Supermarket,Shirley Marks,LMO/2026/10185,28.599380,76.826969,Passed,Flow Meter
Pfannerstill Littel and Jacobson Supermarket,Mr. Narciso Pfannerstill,LMO/2026/10186,28.540005,77.413937,Passed,Non-Automatic Weighing Instrument
Donnelly Bins and Dibbert Pharma Labs,Lorine Hackett,LMO/2026/10187,29.455979,76.388396,Passed,Electronic Counter Scale
Spencer - Dietrich Supermarket,Raymundo Hirthe,LMO/2026/10188,28.765075,77.428356,Passed,Fuel Dispenser
Ernser - Frami Cold Storage,Denise Cummerata,LMO/2026/10189,28.852265,76.752907,Passed,Flow Meter
Kilback - Anderson Pharma Labs,Eldred Koepp,LMO/2026/10190,28.675294,76.906462,Passed,Electronic Counter Scale
Considine - Wiegand General Trading Co,Mr. Robb Reynolds,LMO/2026/10191,29.177482,77.260753,Pending,Electronic Counter Scale
O'Conner - Lakin General Trading Co,Ariel Koelpin Jr.,LMO/2026/10192,28.176355,76.798091,Passed,Fuel Dispenser
Pagac and Sons Grain Market Depot,Jaron Goodwin,LMO/2026/10193,28.678193,77.381849,Pending,Platform Scale
Armstrong Rath and Mann Logistics Hub,Brennan Brown,LMO/2026/10194,29.458789,76.720161,Passed,Automatic Gravimetric Filling Scale
Schneider - Stracke Fertilizers & Agro Chemicals,Marian Mueller,LMO/2026/10195,28.419567,77.020866,Passed,Electronic Counter Scale
Cartwright - Reichert Hardware & Steel Depot,Garland Dicki,LMO/2026/10196,29.130437,77.212239,Passed,Electronic Counter Scale
Fadel - Hilll Fuel Station,Ricardo Glover MD,LMO/2026/10197,29.631300,76.425077,Passed,Fuel Dispenser
Erdman Bechtelar and Lindgren Flour Mill,Vicenta Kessler,LMO/2026/10198,28.907942,76.960673,Pending,Analytical Precision Balance
Bogisich Group Logistics Hub,Mr. Tre Reichert,LMO/2026/10199,29.108559,76.834773,Passed,Fuel Dispenser
Buckridge Goyette and Marquardt Dairy & Sweets,Idella Hoppe,LMO/2026/10200,29.495148,77.109250,Failed,Weighbridge
Franecki Dietrich and Conn Dairy & Sweets,Afton Wilderman,LMO/2026/10201,29.288600,76.977444,Passed,Analytical Precision Balance
Schmitt Ullrich and Morar Pharma Labs,Jodi Price,LMO/2026/10202,28.914468,77.295888,Passed,Platform Scale
Yost and Sons Flour Mill,Mr. Zander Boyer-Schaden,LMO/2026/10203,28.480212,77.104488,Passed,Analytical Precision Balance
Graham Murphy and Lakin-Douglas Cold Storage,Emilio Ratke,LMO/2026/10204,29.711619,76.412888,Passed,Non-Automatic Weighing Instrument
Brekke Hane and Fay Supermarket,Brian Harvey,LMO/2026/10205,28.397577,76.781710,Pending,Weighbridge
Hagenes Mills and Ledner Fuel Station,Carrie Waelchi,LMO/2026/10206,28.202173,77.063914,Passed,Automatic Gravimetric Filling Scale
Mohr Auer and Kutch Fuel Station,Steven Green III,LMO/2026/10207,29.636306,76.812227,Passed,Fuel Dispenser
Reilly Ledner and McClure Cold Storage,Nadia Hayes,LMO/2026/10208,28.726963,77.394214,Failed,Analytical Precision Balance
Friesen LLC Flour Mill,Shania Connelly,LMO/2026/10209,28.511735,76.609058,Passed,Fuel Dispenser
Larson - King Cotton Ginning Mill,Gino Marvin,LMO/2026/10210,29.255973,77.449226,Pending,Electronic Counter Scale
Frami Inc Hardware & Steel Depot,Britney Ankunding,LMO/2026/10211,29.722612,77.065006,Failed,Non-Automatic Weighing Instrument
Beahan - Pollich Kirana Store,Marquis Corkery,LMO/2026/10212,29.405105,76.666895,Pending,Analytical Precision Balance
Ebert Group Cold Storage,Mr. Javier Koss,LMO/2026/10213,28.863231,76.680490,Passed,Flow Meter
Mills Inc Logistics Hub,Guadalupe Considine,LMO/2026/10214,29.343617,77.337679,Pending,Flow Meter
Parker Inc Kirana Store,Conor Koch,LMO/2026/10215,28.179444,77.480631,Passed,Weighbridge
Zboncak and Sons Hardware & Steel Depot,Mrs. Kyla Hayes,LMO/2026/10216,28.848701,76.439914,Pending,Weighbridge
Franecki - Cruickshank Supermarket,Dandre Padberg,LMO/2026/10217,28.295619,77.337689,Passed,Electronic Weighing Scale
Torp - Fisher Fuel Station,Roma Nienow PhD,LMO/2026/10218,29.433902,77.266548,Passed,Flow Meter
Brakus LLC Pharma Labs,Casey Boyle III,LMO/2026/10219,28.366138,76.682137,Passed,Automatic Gravimetric Filling Scale
Kilback - Ferry Supermarket,Violet Nolan,LMO/2026/10220,28.333742,77.106480,Passed,Weighbridge
Blick and Sons Jewellers,Walter Romaguera V,LMO/2026/10221,29.586399,76.511274,Passed,Electronic Counter Scale
Dibbert - Sipes Supermarket,Art Langworth,LMO/2026/10222,28.568227,77.007704,Pending,Automatic Gravimetric Filling Scale
Schaden Group Dairy & Sweets,Opal Schuster,LMO/2026/10223,29.583463,76.640492,Passed,Platform Scale
Beatty Leannon and Schowalter Jewellers,Mallie Leuschke,LMO/2026/10224,28.663647,76.568769,Passed,Fuel Dispenser
Runolfsdottir Inc Fertilizers & Agro Chemicals,Elva Cruickshank,LMO/2026/10225,29.038627,77.051620,Failed,Electronic Counter Scale
DuBuque - DuBuque Logistics Hub,Burnice Kuhic,LMO/2026/10226,29.580080,77.003365,Pending,Non-Automatic Weighing Instrument
Pouros Group Dairy & Sweets,Glenda Harris,LMO/2026/10227,28.292902,77.011934,Pending,Electronic Counter Scale
Grimes Kozey and Schultz Cotton Ginning Mill,Consuelo Wolff,LMO/2026/10228,29.480555,76.707957,Passed,Platform Scale
Emmerich Group Fuel Station,Carli Nikolaus,LMO/2026/10229,29.733356,77.485630,Passed,Electronic Weighing Scale
Bahringer - Hilll Pharma Labs,Isaias Larkin,LMO/2026/10230,28.423366,76.763961,Failed,Flow Meter
Collier-Funk Deckow and Herman Grain Market Depot,Raven Satterfield,LMO/2026/10231,28.978021,76.583894,Passed,Crane Scale
Altenwerth - Mueller General Trading Co,Miss Aiyana Bailey,LMO/2026/10232,29.716202,76.415513,Passed,Electronic Weighing Scale
Ankunding - Auer Pharma Labs,Conner Bayer,LMO/2026/10233,28.522690,77.415639,Pending,Flow Meter
Bahringer - Rohan Cold Storage,May Rolfson,LMO/2026/10234,28.334260,77.370353,Passed,Automatic Gravimetric Filling Scale
Frami-Osinski Heller and Franey Cotton Ginning Mill,Keyon Heaney,LMO/2026/10235,28.758563,76.944444,Pending,Fuel Dispenser
Beatty Bogan and Marquardt Dairy & Sweets,Hubert Christiansen,LMO/2026/10236,28.379114,77.203215,Passed,Fuel Dispenser
Kuhn - Parker Pharma Labs,Jenifer Leannon,LMO/2026/10237,28.797497,77.497233,Passed,Platform Scale
Considine Group Pharma Labs,Augustus Fritsch,LMO/2026/10238,29.511784,76.821608,Pending,Automatic Gravimetric Filling Scale
Bailey LLC Hardware & Steel Depot,Lucio Conroy,LMO/2026/10239,28.954593,77.342906,Failed,Platform Scale
Bednar Inc Jewellers,Jasmine Walsh,LMO/2026/10240,28.625606,77.054259,Passed,Fuel Dispenser
Bode Wiegand and Corkery Dairy & Sweets,Petra Trantow Sr.,LMO/2026/10241,28.450376,76.702535,Passed,Non-Automatic Weighing Instrument
Nienow Schmitt and Feeney Cotton Ginning Mill,Lorena Hodkiewicz,LMO/2026/10242,28.533620,76.364716,Passed,Non-Automatic Weighing Instrument
Flatley - Bergnaum Fertilizers & Agro Chemicals,Mr. Noe Skiles,LMO/2026/10243,29.237779,77.481097,Pending,Platform Scale
Schowalter - Cruickshank Fertilizers & Agro Chemicals,Bert Lind,LMO/2026/10244,28.470762,76.854302,Pending,Fuel Dispenser
Schaden Group Dairy & Sweets,Genevieve Herzog-Zieme,LMO/2026/10245,28.895715,77.475963,Pending,Platform Scale
King Deckow and Klocko Jewellers,Eladio Kling,LMO/2026/10246,29.297183,77.118332,Passed,Non-Automatic Weighing Instrument
Ruecker Group Flour Mill,Dr. Camren Medhurst,LMO/2026/10247,29.025314,77.004845,Failed,Analytical Precision Balance
Blick McGlynn and Rutherford Pharma Labs,Dr. Garret Rodriguez,LMO/2026/10248,29.255742,77.205043,Pending,Crane Scale
Durgan Gusikowski and Legros Logistics Hub,Opal Howell,LMO/2026/10249,28.786456,76.892486,Pending,Automatic Gravimetric Filling Scale
Satterfield and Sons Logistics Hub,Jacey Berge,LMO/2026/10250,28.793327,77.204907,Passed,Crane Scale
O'Kon Inc Cotton Ginning Mill,Winston Langworth,LMO/2026/10251,29.469905,77.051125,Pending,Crane Scale
Rohan Wilderman-Ledner and Schiller Grain Market Depot,Donnie Torp III,LMO/2026/10252,29.702766,77.392790,Passed,Non-Automatic Weighing Instrument
Stehr Muller and Olson Flour Mill,Freeda Aufderhar,LMO/2026/10253,29.575442,76.896205,Pending,Platform Scale
Wolff Sanford and Lockman Cold Storage,Terrill Hartmann,LMO/2026/10254,28.585269,77.112551,Failed,Flow Meter
Prosacco Ferry and Hickle Kirana Store,Idell Walker,LMO/2026/10255,29.232595,76.391185,Pending,Platform Scale
Bruen Inc Logistics Hub,Eino Johnston-Harvey DDS,LMO/2026/10256,29.112121,76.998026,Passed,Weighbridge
Nader LLC Cold Storage,Antonia Blick Sr.,LMO/2026/10257,28.611113,77.207345,Passed,Electronic Counter Scale
Kemmer Little and Glover General Trading Co,Mrs. Adrianna Considine,LMO/2026/10258,28.258907,76.650236,Failed,Platform Scale
Macejkovic - Altenwerth Fertilizers & Agro Chemicals,Arno Boyer,LMO/2026/10259,28.574566,76.568739,Passed,Crane Scale
Bahringer Olson and Sauer Supermarket,Earline Veum,LMO/2026/10260,29.384298,77.170103,Passed,Crane Scale
Fay-Adams - Hoppe Supermarket,Ava Veum,LMO/2026/10261,29.704343,77.310075,Passed,Platform Scale
Paucek Inc Logistics Hub,Miss Raina Wuckert,LMO/2026/10262,28.787104,77.440895,Failed,Non-Automatic Weighing Instrument
Upton - Collier Kirana Store,Conor Feeney,LMO/2026/10263,29.137515,76.949226,Passed,Non-Automatic Weighing Instrument
Gibson Inc Kirana Store,Camren White,LMO/2026/10264,29.653863,76.556121,Passed,Electronic Counter Scale
Hayes - Hammes-McClure Logistics Hub,Willow Goodwin,LMO/2026/10265,28.864886,76.572149,Pending,Non-Automatic Weighing Instrument
Becker and Sons Dairy & Sweets,Elias Stiedemann PhD,LMO/2026/10266,29.018203,76.835062,Pending,Electronic Counter Scale
Wunsch and Sons Flour Mill,Madaline Kessler,LMO/2026/10267,28.169319,77.157868,Failed,Automatic Gravimetric Filling Scale
Lueilwitz - Schultz Cold Storage,Savanah Erdman-Wehner DDS,LMO/2026/10268,29.065276,76.815778,Passed,Analytical Precision Balance
Ruecker Group Dairy & Sweets,Rey Senger,LMO/2026/10269,28.622173,77.451349,Passed,Fuel Dispenser
Boehm Dickens and Gusikowski Dairy & Sweets,Michale Maggio DDS,LMO/2026/10270,29.178640,76.421175,Pending,Platform Scale
Rau Inc Grain Market Depot,Dr. Gabriella Zemlak,LMO/2026/10271,28.743272,77.194562,Passed,Weighbridge
Wunsch and Sons Flour Mill,Kianna Shanahan,LMO/2026/10272,28.925257,77.479578,Pending,Non-Automatic Weighing Instrument
Block-Bradtke - Batz Kirana Store,Jeramie Doyle,LMO/2026/10273,28.828208,77.030921,Passed,Fuel Dispenser
Skiles Kilback-Hirthe and Pfeffer Flour Mill,Tim Moen,LMO/2026/10274,28.234463,76.396696,Pending,Electronic Weighing Scale
Dooley - Murazik Supermarket,Emery Dickens DDS,LMO/2026/10275,28.561062,76.799612,Failed,Non-Automatic Weighing Instrument
Gutmann Funk and Friesen Flour Mill,Alberta Huels IV,LMO/2026/10276,28.640969,77.032882,Passed,Analytical Precision Balance
Hauck - Becker Pharma Labs,Deborah Graham,LMO/2026/10277,28.881643,77.471310,Pending,Fuel Dispenser
Cremin Group Fertilizers & Agro Chemicals,Alena Nolan Sr.,LMO/2026/10278,28.479592,76.456704,Passed,Non-Automatic Weighing Instrument
Kunze Reichert and Nader-Strosin Cotton Ginning Mill,Francesco Dicki,LMO/2026/10279,28.821206,76.938860,Pending,Crane Scale
Halvorson Hammes and Howell Pharma Labs,Arch Deckow,LMO/2026/10280,28.774277,76.923917,Failed,Platform Scale
Denesik LLC Cold Storage,Berry Bergnaum,LMO/2026/10281,28.827730,77.151643,Passed,Automatic Gravimetric Filling Scale
Mraz - Kohler-Stoltenberg Hardware & Steel Depot,Sage MacGyver,LMO/2026/10282,29.227743,76.963760,Passed,Flow Meter
Goodwin Johnson and Tremblay Grain Market Depot,Tasha Harris,LMO/2026/10283,28.521252,77.095926,Pending,Fuel Dispenser
Weber - Hahn Grain Market Depot,Demarco Grant,LMO/2026/10284,29.125680,77.211927,Pending,Platform Scale
Becker and Sons Hardware & Steel Depot,Roel Dickinson,LMO/2026/10285,29.090206,77.115793,Failed,Automatic Gravimetric Filling Scale
Lockman Franecki and Reinger Supermarket,Moshe Lebsack,LMO/2026/10286,29.148803,77.175905,Passed,Crane Scale
Upton - Morissette Cotton Ginning Mill,Dean Ondricka,LMO/2026/10287,29.686751,76.543866,Failed,Fuel Dispenser
Bins-Crist LLC Fertilizers & Agro Chemicals,Delphine Quitzon,LMO/2026/10288,29.469469,76.404817,Passed,Platform Scale
Schmeler Roob and Johns Cotton Ginning Mill,Reuben Weber,LMO/2026/10289,28.227173,76.571967,Pending,Electronic Counter Scale
Hudson-Corkery Glover and Bechtelar General Trading Co,Dorothea Gutkowski,LMO/2026/10290,28.258251,76.985606,Passed,Analytical Precision Balance
Treutel - Ritchie Pharma Labs,Rae Blick,LMO/2026/10291,28.991331,77.263930,Pending,Non-Automatic Weighing Instrument
Little-McKenzie Beahan and Steuber Kirana Store,Lauretta Gibson,LMO/2026/10292,29.321135,76.769985,Pending,Non-Automatic Weighing Instrument
Wiza Bailey and Beatty Supermarket,Orie Crist,LMO/2026/10293,28.261785,76.464955,Passed,Crane Scale
Bartell Walsh and Carter Cotton Ginning Mill,Ike Funk,LMO/2026/10294,28.741201,76.698388,Passed,Flow Meter
Conn LLC Jewellers,Skye Terry,LMO/2026/10295,28.420907,77.169270,Passed,Flow Meter
O'Keefe Group Kirana Store,Wyatt Runolfsson,LMO/2026/10296,29.601342,77.001552,Pending,Platform Scale
Cruickshank - Lesch Cotton Ginning Mill,Joann Hudson,LMO/2026/10297,28.375143,77.410802,Passed,Electronic Counter Scale
McClure LLC Dairy & Sweets,Mrs. Lucie Buckridge,LMO/2026/10298,28.331499,77.061405,Failed,Electronic Counter Scale
Ankunding - Stanton Fuel Station,Alyson Mayer,LMO/2026/10299,29.057982,76.814480,Passed,Crane Scale
Wisozk Collins and Collins Pharma Labs,Bryant Rowe MD,LMO/2026/10300,29.043132,76.601118,Passed,Flow Meter
Lesch - Leannon Logistics Hub,Tillman Ortiz,LMO/2026/10301,29.299778,77.437044,Passed,Crane Scale
Aufderhar Group Supermarket,Milford Hudson DDS,LMO/2026/10302,28.162534,77.032611,Passed,Flow Meter
Friesen and Sons Grain Market Depot,Emmalee Raynor MD,LMO/2026/10303,28.274385,76.448692,Failed,Electronic Weighing Scale
Weimann Monahan and Cronin Cold Storage,Lulu Corwin,LMO/2026/10304,28.517527,76.809196,Pending,Automatic Gravimetric Filling Scale
Walsh and Sons Fertilizers & Agro Chemicals,Mariane Gottlieb Sr.,LMO/2026/10305,29.311953,77.005125,Passed,Fuel Dispenser
Homenick - Kerluke-Schmidt Pharma Labs,Nick Erdman,LMO/2026/10306,28.929404,76.688190,Pending,Automatic Gravimetric Filling Scale
Hettinger - Boyer Logistics Hub,Germaine Boyle DVM,LMO/2026/10307,29.622307,77.206703,Passed,Weighbridge
Johns - Schmitt Hardware & Steel Depot,Gracie Hayes,LMO/2026/10308,28.616701,77.305563,Failed,Flow Meter
Veum - Altenwerth Supermarket,Kailee Johns,LMO/2026/10309,28.507152,76.739943,Passed,Crane Scale
Runolfsson Group Cold Storage,Ines Hane,LMO/2026/10310,28.516452,76.621271,Failed,Electronic Weighing Scale
Orn - Kohler Kirana Store,Edmund Bradtke,LMO/2026/10311,29.040143,76.370273,Passed,Flow Meter
Howe - Considine General Trading Co,Jaren Hackett,LMO/2026/10312,29.237257,76.880500,Passed,Crane Scale
Gerlach LLC Fertilizers & Agro Chemicals,Nyah Torp,LMO/2026/10313,29.536155,77.368341,Pending,Non-Automatic Weighing Instrument
Kutch Auer and Senger Fertilizers & Agro Chemicals,Leo Beer,LMO/2026/10314,29.682934,76.549317,Passed,Weighbridge
Wiegand Rath and Wehner Logistics Hub,Arlo Wisozk,LMO/2026/10315,29.087891,76.438166,Passed,Electronic Weighing Scale
Considine - Hessel Cotton Ginning Mill,Vesta Jacobson,LMO/2026/10316,28.303939,76.743216,Pending,Weighbridge
Farrell - Abernathy Fuel Station,Giovanni Hilpert DDS,LMO/2026/10317,28.247961,76.916613,Passed,Platform Scale
Roberts - Bednar General Trading Co,Nichole Bosco,LMO/2026/10318,29.231549,76.574262,Failed,Platform Scale
Ledner Inc Jewellers,Jaylin Baumbach,LMO/2026/10319,29.172348,76.755997,Passed,Automatic Gravimetric Filling Scale
Braun Group Dairy & Sweets,Bryce Rosenbaum Jr.,LMO/2026/10320,28.343489,76.855743,Pending,Analytical Precision Balance
Ledner and Sons General Trading Co,Burdette Bernhard,LMO/2026/10321,29.453727,77.112814,Passed,Automatic Gravimetric Filling Scale
Ortiz Waelchi and Hand Supermarket,Ottilie McDermott,LMO/2026/10322,29.151930,77.408813,Pending,Electronic Counter Scale
Ullrich Williamson and Blanda Fertilizers & Agro Chemicals,Derek Carter,LMO/2026/10323,29.555837,77.058162,Pending,Automatic Gravimetric Filling Scale
Kulas LLC Cold Storage,Sierra Nitzsche,LMO/2026/10324,29.274529,76.628039,Passed,Weighbridge
Adams Cartwright and Gerlach Logistics Hub,Jed Marks,LMO/2026/10325,28.822422,76.476303,Pending,Fuel Dispenser
Farrell Group Dairy & Sweets,Cornelius Green-Schroeder,LMO/2026/10326,29.348545,76.590343,Failed,Weighbridge
Stokes Smith and Shanahan Dairy & Sweets,Clare Block,LMO/2026/10327,28.291405,76.707757,Pending,Automatic Gravimetric Filling Scale
Walsh - Spencer-Boyle Jewellers,Weldon Blick,LMO/2026/10328,29.186969,76.908639,Pending,Fuel Dispenser
Jerde and Sons Dairy & Sweets,Elna Nikolaus,LMO/2026/10329,28.515154,77.147330,Passed,Flow Meter
Schmitt and Sons General Trading Co,Jovany Kertzmann,LMO/2026/10330,28.957558,76.363652,Pending,Non-Automatic Weighing Instrument
Langosh Group Pharma Labs,Timothy Witting I,LMO/2026/10331,29.104138,77.223082,Passed,Weighbridge
Wolf Feest and Runolfsdottir Logistics Hub,Elisabeth Kovacek III,LMO/2026/10332,28.926965,77.156068,Passed,Analytical Precision Balance
Auer Jacobs and Satterfield Jewellers,Amya Bergstrom,LMO/2026/10333,28.709090,76.753368,Pending,Electronic Counter Scale
Kuhic and Sons Supermarket,Destiny Nolan,LMO/2026/10334,28.398421,77.264682,Passed,Electronic Counter Scale
Lockman - Hamill Fuel Station,Odell Wiegand,LMO/2026/10335,28.994564,77.134489,Passed,Analytical Precision Balance
Considine LLC Dairy & Sweets,Yvette Stoltenberg,LMO/2026/10336,28.720484,77.117601,Failed,Platform Scale
Lueilwitz - Cassin-Kulas Fuel Station,Everett Towne III,LMO/2026/10337,28.498627,76.945146,Pending,Analytical Precision Balance
Haag White and Rath Fuel Station,Jamir Olson DDS,LMO/2026/10338,29.070031,77.445992,Pending,Electronic Counter Scale
Dibbert Group Jewellers,Rex Mayer,LMO/2026/10339,28.796206,76.547706,Passed,Fuel Dispenser
Toy Inc Cold Storage,Alexandrine Jones,LMO/2026/10340,28.501910,76.779350,Pending,Electronic Weighing Scale
Aufderhar Kuphal and Lakin General Trading Co,Mr. Forest Walsh,LMO/2026/10341,29.612007,76.703795,Passed,Weighbridge
Hintz-Pacocha Group Grain Market Depot,Hailey Willms,LMO/2026/10342,29.284453,76.865681,Failed,Flow Meter
Lebsack LLC Logistics Hub,Jayde Keeling,LMO/2026/10343,28.595984,76.474257,Pending,Fuel Dispenser
Pollich - Heller Pharma Labs,Mr. Eliezer Rogahn,LMO/2026/10344,28.928105,76.550097,Pending,Weighbridge
Luettgen Ankunding-Hane and Brown Grain Market Depot,Mario Heidenreich-Satterfield,LMO/2026/10345,29.508965,77.068415,Failed,Crane Scale
Turner - Kessler General Trading Co,Miss Essie Moen DDS,LMO/2026/10346,28.721447,77.488058,Pending,Electronic Weighing Scale
Satterfield - Prohaska Fuel Station,Lorine Collins,LMO/2026/10347,29.636352,76.491876,Passed,Non-Automatic Weighing Instrument
Donnelly Group Supermarket,Xavier Kirlin,LMO/2026/10348,29.281312,77.037289,Passed,Crane Scale
Feeney Group Supermarket,Pierce Wisoky,LMO/2026/10349,28.732498,77.099783,Passed,Electronic Weighing Scale
Windler - Parisian Supermarket,Randi Kulas Jr.,LMO/2026/10350,29.157299,76.873173,Passed,Electronic Weighing Scale
Effertz Group Fuel Station,Vickie Koelpin MD,LMO/2026/10351,29.514746,76.905136,Pending,Electronic Counter Scale
Hirthe McLaughlin and Gorczany Supermarket,Korbin Mills,LMO/2026/10352,29.705419,77.399411,Passed,Analytical Precision Balance
Crist-Johns Inc Cold Storage,Mr. Webster Reichel,LMO/2026/10353,28.299359,77.397882,Pending,Electronic Weighing Scale
Quitzon LLC Pharma Labs,Raphael Grimes,LMO/2026/10354,29.127391,77.152888,Passed,Analytical Precision Balance
Nikolaus - Kreiger Flour Mill,Dianne O'Reilly DDS,LMO/2026/10355,29.045805,76.696163,Failed,Platform Scale
Leuschke and Sons Kirana Store,Trever Bode,LMO/2026/10356,29.034322,76.715483,Passed,Fuel Dispenser
Beahan LLC Grain Market Depot,Maybelle Shanahan,LMO/2026/10357,28.639058,76.850880,Passed,Electronic Weighing Scale
Wintheiser - Bernier Supermarket,Mr. Buford Yost-Hegmann,LMO/2026/10358,28.534313,77.487456,Failed,Automatic Gravimetric Filling Scale
Schowalter Stamm and Johns General Trading Co,Cassandra Deckow,LMO/2026/10359,28.764800,76.848037,Passed,Fuel Dispenser
Howell - Bergnaum Kirana Store,Deangelo Prohaska DVM,LMO/2026/10360,29.122348,76.640228,Passed,Flow Meter
Romaguera - Fahey Pharma Labs,Moshe Hintz,LMO/2026/10361,28.413586,76.696321,Passed,Platform Scale
Ernser Swift and Towne Hardware & Steel Depot,Roberta Cummings,LMO/2026/10362,28.551767,76.629814,Pending,Crane Scale
Wintheiser and Sons Flour Mill,Rachel Kuphal I,LMO/2026/10363,29.034571,77.462211,Passed,Non-Automatic Weighing Instrument
Bayer - McLaughlin Kirana Store,Edwin Klocko,LMO/2026/10364,28.840254,77.482265,Passed,Automatic Gravimetric Filling Scale
Bins - Crooks-Ritchie Jewellers,Keyshawn Turner,LMO/2026/10365,29.230566,76.540518,Passed,Automatic Gravimetric Filling Scale
Jacobi Toy and Rolfson-Cremin Cold Storage,Judd Windler,LMO/2026/10366,28.688341,76.428851,Passed,Crane Scale
Toy - Friesen Fertilizers & Agro Chemicals,Miss Skyla Marquardt,LMO/2026/10367,28.798926,77.341239,Passed,Electronic Counter Scale
Romaguera and Sons Kirana Store,Erin Reilly,LMO/2026/10368,29.574121,76.910263,Passed,Weighbridge
Wisozk Feeney and Osinski Flour Mill,Joel Ankunding,LMO/2026/10369,28.789785,76.367335,Passed,Non-Automatic Weighing Instrument
Rutherford - Smitham Hardware & Steel Depot,Reba Nienow,LMO/2026/10370,29.349199,76.861299,Failed,Automatic Gravimetric Filling Scale
Franecki Huels and Hickle Cold Storage,Haley Roob,LMO/2026/10371,28.468063,76.417231,Passed,Automatic Gravimetric Filling Scale
Mitchell - Wiegand Dairy & Sweets,Karli Bailey-Wiegand Sr.,LMO/2026/10372,28.281407,76.418001,Passed,Automatic Gravimetric Filling Scale
Bayer Inc Hardware & Steel Depot,Mr. Monroe Leannon,LMO/2026/10373,29.703635,77.074603,Passed,Platform Scale
Kiehn Ullrich and Beier Flour Mill,Lenna Brekke,LMO/2026/10374,29.239967,76.764313,Passed,Weighbridge
Schultz Lehner and Robel Fertilizers & Agro Chemicals,Dr. Fabian Quitzon,LMO/2026/10375,29.359100,77.322554,Passed,Non-Automatic Weighing Instrument
Kassulke - Beahan Cold Storage,Ron Fahey,LMO/2026/10376,29.676022,76.562064,Pending,Flow Meter
Bahringer and Sons Flour Mill,Woodrow Williamson,LMO/2026/10377,28.164469,76.851793,Pending,Crane Scale
Champlin Runolfsson and Schmeler Pharma Labs,Kristin Grimes,LMO/2026/10378,28.579194,76.938444,Passed,Analytical Precision Balance
Purdy Morissette and Abshire Flour Mill,Mr. Maxie Howell,LMO/2026/10379,28.505139,77.274817,Passed,Electronic Weighing Scale
Hermiston Bechtelar-Price and Ziemann Cold Storage,Mr. Irving Kassulke,LMO/2026/10380,29.694739,76.923374,Failed,Automatic Gravimetric Filling Scale
Botsford LLC Supermarket,Diamond Schuppe,LMO/2026/10381,29.719891,77.185582,Passed,Flow Meter
Krajcik and Sons General Trading Co,Kayleigh Schoen,LMO/2026/10382,29.633466,76.523435,Pending,Automatic Gravimetric Filling Scale
Roob Kulas and Becker Fertilizers & Agro Chemicals,Kolby Hackett,LMO/2026/10383,28.614340,77.482437,Passed,Weighbridge
Weimann Champlin and Fisher Cold Storage,Kathryn Welch,LMO/2026/10384,28.728136,76.781010,Passed,Flow Meter
Padberg LLC Flour Mill,Kaylah Bayer,LMO/2026/10385,29.184096,76.633364,Passed,Weighbridge
Gerhold Inc Grain Market Depot,Elenora Keeling,LMO/2026/10386,29.646433,77.121380,Pending,Electronic Counter Scale
Gibson Mitchell and Keebler Fuel Station,Jody Gerhold,LMO/2026/10387,28.508217,76.504450,Pending,Electronic Counter Scale
Spencer LLC Cold Storage,Mayra Gerhold,LMO/2026/10388,29.678167,76.953087,Failed,Electronic Counter Scale
Kuvalis Grady and Wisoky Pharma Labs,Nella Emmerich,LMO/2026/10389,28.666725,76.451411,Pending,Crane Scale
Graham - Baumbach Fertilizers & Agro Chemicals,Grant Ankunding,LMO/2026/10390,29.509101,77.202403,Passed,Non-Automatic Weighing Instrument
Hagenes - Koch Supermarket,Geneva Hammes,LMO/2026/10391,28.410101,77.119596,Passed,Electronic Counter Scale
Franey Inc Jewellers,Schuyler Huels,LMO/2026/10392,29.387295,76.868142,Pending,Electronic Weighing Scale
Dickinson Runte and White Jewellers,Cedrick Hermiston,LMO/2026/10393,28.372320,77.452513,Passed,Non-Automatic Weighing Instrument
Bartell - Powlowski Pharma Labs,Lillie Dibbert,LMO/2026/10394,28.887071,76.568416,Passed,Platform Scale
DuBuque - Reynolds Cotton Ginning Mill,Walton Walker,LMO/2026/10395,29.444826,77.417707,Pending,Weighbridge
Doyle Bode and Stiedemann Fertilizers & Agro Chemicals,Nora Koch,LMO/2026/10396,29.458291,77.259999,Passed,Non-Automatic Weighing Instrument
Anderson - Pouros Flour Mill,Augusta Halvorson,LMO/2026/10397,29.304510,77.387479,Passed,Flow Meter
Lowe Hills and Feeney Grain Market Depot,Susie Yundt,LMO/2026/10398,28.561122,77.449757,Passed,Weighbridge
Crist - Pfeffer Logistics Hub,Arden Thompson,LMO/2026/10399,29.053326,77.436980,Passed,Automatic Gravimetric Filling Scale
Huel Inc Flour Mill,Janice Gusikowski,LMO/2026/10400,28.766693,77.342237,Pending,Electronic Weighing Scale
Abshire and Sons Logistics Hub,Mr. Bryon Dicki,LMO/2026/10401,28.273844,76.528971,Passed,Crane Scale
Schmidt Parisian and Koelpin Jewellers,Meghan Berge,LMO/2026/10402,28.241420,77.431687,Failed,Non-Automatic Weighing Instrument
Schulist - Morar Grain Market Depot,Cheyanne Boyle,LMO/2026/10403,29.722993,76.582729,Passed,Non-Automatic Weighing Instrument
Murphy LLC Cotton Ginning Mill,Eda Hills-Jacobi,LMO/2026/10404,29.727487,76.949453,Pending,Fuel Dispenser
Hudson - Predovic Dairy & Sweets,Dr. Dorthy Corwin,LMO/2026/10405,28.332061,77.117738,Pending,Non-Automatic Weighing Instrument
Russel and Sons Fertilizers & Agro Chemicals,Annabell Stiedemann,LMO/2026/10406,28.297281,77.076631,Passed,Non-Automatic Weighing Instrument
Langworth - Hilpert Dairy & Sweets,Pablo Spinka,LMO/2026/10407,29.402830,76.979317,Pending,Crane Scale
Kshlerin Group Kirana Store,Vidal Rohan,LMO/2026/10408,28.623479,77.209718,Pending,Crane Scale
Haag Group Cotton Ginning Mill,Anna Roberts,LMO/2026/10409,29.701974,76.909072,Passed,Electronic Counter Scale
Schumm-Waters - Goldner Logistics Hub,Elmira Harber,LMO/2026/10410,28.390132,76.448180,Pending,Weighbridge
Becker-Blanda Paucek and Medhurst Grain Market Depot,Allan Bogan I,LMO/2026/10411,28.501679,77.013566,Failed,Analytical Precision Balance
Mosciski Kris and Lesch-Greenfelder Dairy & Sweets,Clair Shields,LMO/2026/10412,28.628631,76.644748,Failed,Weighbridge
Watsica Keeling and Schmidt Pharma Labs,Uriah Durgan,LMO/2026/10413,29.182446,76.895975,Pending,Electronic Counter Scale
Brakus Thiel and Rath Dairy & Sweets,Garrison Bartell,LMO/2026/10414,28.158200,77.364087,Failed,Analytical Precision Balance
Streich LLC Jewellers,Vanessa Maggio,LMO/2026/10415,29.513052,77.427292,Passed,Automatic Gravimetric Filling Scale
Daugherty Cole and Wintheiser Flour Mill,Marilie Spencer,LMO/2026/10416,28.953748,77.262218,Passed,Platform Scale
Bradtke Group Flour Mill,Mr. Marc Hansen,LMO/2026/10417,29.056912,76.644644,Passed,Electronic Counter Scale
Stiedemann - Mueller Cotton Ginning Mill,Kathryn O'Kon,LMO/2026/10418,29.530743,77.433805,Failed,Non-Automatic Weighing Instrument
Lubowitz and Sons Logistics Hub,Therese Schuppe,LMO/2026/10419,28.613705,76.407402,Passed,Analytical Precision Balance
Harber - Runolfsdottir Pharma Labs,Micaela Schultz,LMO/2026/10420,29.003195,77.259219,Failed,Crane Scale
Reynolds and Sons Grain Market Depot,Amber Huels,LMO/2026/10421,28.643826,77.487086,Failed,Fuel Dispenser
Abernathy LLC Hardware & Steel Depot,Regina Crist,LMO/2026/10422,29.480328,77.338903,Passed,Electronic Counter Scale
Wehner - Hagenes General Trading Co,Tavares Shields,LMO/2026/10423,28.641544,76.755972,Passed,Electronic Counter Scale
Kunde and Sons Cotton Ginning Mill,Timothy Mills IV,LMO/2026/10424,28.627301,76.753137,Passed,Electronic Weighing Scale
Satterfield Inc Grain Market Depot,Theodora Boehm,LMO/2026/10425,28.816126,76.490212,Passed,Crane Scale
Douglas-Douglas - Dickens Fuel Station,Mrs. Regan Windler,LMO/2026/10426,28.237914,76.846717,Passed,Weighbridge
Emard Hartmann and Vandervort Jewellers,Miss Cheyanne Zemlak,LMO/2026/10427,29.575637,76.762213,Failed,Platform Scale
Homenick LLC Cotton Ginning Mill,Sonya Barton,LMO/2026/10428,28.991997,76.370263,Failed,Flow Meter
Pfeffer Inc Jewellers,Wilhelm Marks,LMO/2026/10429,28.186518,76.829799,Passed,Electronic Counter Scale
Roob LLC Logistics Hub,Shelia Lueilwitz,LMO/2026/10430,29.262906,77.126428,Failed,Non-Automatic Weighing Instrument
Walsh Morissette and Tremblay General Trading Co,Karley Boyer,LMO/2026/10431,28.278734,76.830894,Passed,Flow Meter
Gerlach - Steuber Flour Mill,Ilene Herzog,LMO/2026/10432,28.206245,77.010949,Passed,Non-Automatic Weighing Instrument
Tremblay Batz and Harvey Fuel Station,Nikko Halvorson,LMO/2026/10433,29.671418,76.846146,Pending,Automatic Gravimetric Filling Scale
Kovacek-Stokes - Quigley Pharma Labs,Abe Johns,LMO/2026/10434,29.342817,76.680185,Pending,Platform Scale
Wisozk - McGlynn Pharma Labs,Lottie Yost,LMO/2026/10435,29.463133,76.424187,Passed,Automatic Gravimetric Filling Scale
Gislason Inc Dairy & Sweets,Moshe Von,LMO/2026/10436,29.074984,76.854273,Pending,Automatic Gravimetric Filling Scale
Rau Inc Supermarket,Deshaun Koss,LMO/2026/10437,28.217177,76.706334,Passed,Electronic Counter Scale
Swift - Tillman Supermarket,Jasmine Schuppe,LMO/2026/10438,29.520321,76.864141,Passed,Electronic Counter Scale
Monahan Cartwright and Wisoky Flour Mill,Hailee Moore III,LMO/2026/10439,28.658850,77.292965,Pending,Platform Scale
Emmerich - Toy Kirana Store,Malachi Blick,LMO/2026/10440,29.741057,76.615182,Pending,Weighbridge
Turner Konopelski and Purdy Supermarket,Ms. Sarah Wolff,LMO/2026/10441,29.479817,77.438940,Pending,Electronic Counter Scale
Little Bauch-Swaniawski and Anderson-Bosco Hardware & Steel Depot,Vilma Ziemann,LMO/2026/10442,29.053652,77.195423,Failed,Automatic Gravimetric Filling Scale
Cummerata - Cartwright Dairy & Sweets,Anabel Ernser,LMO/2026/10443,29.577965,77.317161,Failed,Flow Meter
Gleason Williamson and Ebert Supermarket,Dr. Natalie Oberbrunner,LMO/2026/10444,28.995066,77.020765,Passed,Automatic Gravimetric Filling Scale
Hauck - Johns Pharma Labs,Dejon Effertz,LMO/2026/10445,29.355678,76.611172,Passed,Crane Scale
Auer Hirthe and Rosenbaum Cold Storage,Dejah Kemmer,LMO/2026/10446,28.616843,76.555988,Passed,Flow Meter
Mante Group Jewellers,Geoffrey Trantow,LMO/2026/10447,28.187161,77.292894,Pending,Weighbridge
Flatley - Conroy Kirana Store,Gideon Mraz,LMO/2026/10448,29.667046,76.835632,Pending,Crane Scale
Gleichner Murazik and Roberts Cold Storage,Aubrey Fisher,LMO/2026/10449,29.291622,77.432134,Passed,Weighbridge
Schultz Group Jewellers,Marta Abbott,LMO/2026/10450,29.084038,77.033461,Pending,Non-Automatic Weighing Instrument
Collins and Sons Pharma Labs,Weston Pagac,LMO/2026/10451,28.584608,76.913959,Failed,Fuel Dispenser
Little - Boyer Fertilizers & Agro Chemicals,Eriberto O'Keefe,LMO/2026/10452,28.454034,77.187075,Passed,Analytical Precision Balance
Moen LLC Pharma Labs,Scot Cassin,LMO/2026/10453,29.448751,76.612142,Passed,Non-Automatic Weighing Instrument
Yundt-Stracke and Sons Flour Mill,Shanon Schaefer,LMO/2026/10454,28.694188,76.946237,Failed,Automatic Gravimetric Filling Scale
Kerluke - Kuhn Pharma Labs,Dr. Jaylan Cummings,LMO/2026/10455,29.361735,77.456018,Failed,Automatic Gravimetric Filling Scale
Franey and Sons Pharma Labs,Layne Mohr,LMO/2026/10456,29.492639,76.381213,Passed,Analytical Precision Balance
D'Amore - O'Hara Fuel Station,Estevan Larson,LMO/2026/10457,28.750811,77.103152,Pending,Non-Automatic Weighing Instrument
Cole - Schaden Dairy & Sweets,Delta Bogisich,LMO/2026/10458,28.498345,77.095905,Pending,Crane Scale
Kilback Wuckert and Hartmann Pharma Labs,Rowena Halvorson,LMO/2026/10459,28.265259,77.145507,Pending,Analytical Precision Balance
Roberts - Frami Hardware & Steel Depot,Abbie Jacobs,LMO/2026/10460,28.199272,77.379059,Passed,Fuel Dispenser
Wilderman Inc Cold Storage,Ara Treutel,LMO/2026/10461,28.866912,76.804845,Passed,Crane Scale
Hamill Dooley and Crist General Trading Co,Florida Runte,LMO/2026/10462,29.352791,77.090253,Passed,Analytical Precision Balance
O'Conner - O'Connell Grain Market Depot,Kaleigh Ward,LMO/2026/10463,29.594789,76.868573,Passed,Platform Scale
Schaden Mraz and Emmerich Jewellers,Rosanna Hilpert III,LMO/2026/10464,29.044895,77.145179,Passed,Flow Meter
Nienow Pacocha and Block-Braun Logistics Hub,Dr. Elyse Trantow-Krajcik,LMO/2026/10465,29.339025,76.642724,Failed,Analytical Precision Balance
Keebler Group Fertilizers & Agro Chemicals,Ollie Lubowitz,LMO/2026/10466,28.245370,76.423555,Passed,Weighbridge
O'Keefe - Harvey Fuel Station,Marisa Jacobs,LMO/2026/10467,29.724745,77.342482,Failed,Electronic Counter Scale
Hettinger - Harber General Trading Co,Mr. Edgar Boyer,LMO/2026/10468,28.595801,76.676249,Passed,Weighbridge
Haag Kiehn and Wyman General Trading Co,Patti Cremin,LMO/2026/10469,29.389961,76.738936,Passed,Electronic Counter Scale
Herman - Emmerich Hardware & Steel Depot,Jedediah Jast,LMO/2026/10470,29.645679,77.186010,Pending,Platform Scale
Wisoky Doyle and O'Hara Jewellers,Cheyenne Powlowski,LMO/2026/10471,28.398513,77.420306,Pending,Non-Automatic Weighing Instrument
Koch LLC Cold Storage,Julius Witting,LMO/2026/10472,28.266447,76.896273,Failed,Crane Scale
Hartmann - Legros Logistics Hub,Miss Birdie Zulauf,LMO/2026/10473,29.668561,76.488118,Failed,Electronic Weighing Scale
Carter - D'Amore Cotton Ginning Mill,Vinnie Rath DVM,LMO/2026/10474,28.878327,76.592680,Pending,Analytical Precision Balance
Marvin Runolfsdottir and Ondricka Kirana Store,Meagan Torphy,LMO/2026/10475,29.396500,77.184658,Passed,Electronic Counter Scale
Mann LLC Hardware & Steel Depot,Franklin Corwin,LMO/2026/10476,29.718294,76.596835,Passed,Crane Scale
Hilpert Group Cotton Ginning Mill,Cordell Feil,LMO/2026/10477,29.652047,77.017151,Failed,Fuel Dispenser
Russel Miller and Jones Flour Mill,Meda Harber-Kautzer II,LMO/2026/10478,29.534143,77.397617,Pending,Electronic Counter Scale
Schmitt Lebsack-Koss and Wolf Grain Market Depot,Lavina Farrell,LMO/2026/10479,28.550572,76.490156,Pending,Platform Scale
Watsica Inc Fuel Station,Colton Nolan,LMO/2026/10480,28.760418,76.493669,Passed,Platform Scale
Stracke - Bergstrom Pharma Labs,Derrick Murphy,LMO/2026/10481,29.020988,76.406560,Passed,Weighbridge
Kohler - Howell Cotton Ginning Mill,Hugh Schuppe,LMO/2026/10482,29.027748,77.401347,Failed,Weighbridge
Veum Boehm and Padberg Grain Market Depot,Corene Kunze I,LMO/2026/10483,29.156669,76.619930,Passed,Platform Scale
Treutel - Collins Hardware & Steel Depot,Maybell Wolff,LMO/2026/10484,29.068411,77.276924,Passed,Flow Meter
Stokes LLC Kirana Store,Vanessa Dooley,LMO/2026/10485,28.892811,76.852805,Passed,Electronic Counter Scale
Jast - Murray Flour Mill,Judah Waters,LMO/2026/10486,28.700208,77.452485,Pending,Analytical Precision Balance
Flatley and Sons Logistics Hub,Jeff Spencer,LMO/2026/10487,29.667612,77.292138,Passed,Weighbridge
Nitzsche McGlynn and Cruickshank Dairy & Sweets,Demarco Klocko Jr.,LMO/2026/10488,29.453276,77.100806,Passed,Electronic Weighing Scale
O'Connell LLC Flour Mill,Dr. Trever Shanahan,LMO/2026/10489,29.572426,77.120748,Passed,Automatic Gravimetric Filling Scale
Hudson - Berge Dairy & Sweets,Doyle Schaden,LMO/2026/10490,28.668357,77.147222,Failed,Crane Scale
Strosin Armstrong and Kuhic Kirana Store,Quinten Walker,LMO/2026/10491,29.287455,77.250794,Pending,Electronic Weighing Scale
Denesik LLC Jewellers,Tania Stokes,LMO/2026/10492,29.602040,77.089740,Passed,Electronic Weighing Scale
Ledner Nader and Lynch Jewellers,Fredrick Gutmann,LMO/2026/10493,29.535240,76.435924,Passed,Crane Scale
Beahan - Jakubowski General Trading Co,Anais Leffler,LMO/2026/10494,28.234684,76.433242,Passed,Platform Scale
Klocko Inc General Trading Co,Soledad Pollich,LMO/2026/10495,28.254847,77.218588,Passed,Analytical Precision Balance
Carroll Group Hardware & Steel Depot,Ubaldo Rodriguez,LMO/2026/10496,28.162442,76.865294,Failed,Automatic Gravimetric Filling Scale
Rempel and Sons Cotton Ginning Mill,Flavie Glover,LMO/2026/10497,29.377793,76.504797,Pending,Electronic Weighing Scale
Stokes Group Cold Storage,Miss Yoshiko Dach,LMO/2026/10498,28.212339,76.636527,Pending,Platform Scale
Murphy and Sons Dairy & Sweets,Robbie Leuschke,LMO/2026/10499,28.181536,77.259854,Failed,Electronic Weighing Scale
Rohan Inc Supermarket,Sherwood Mertz,LMO/2026/10500,28.895116,77.443879,Pending,Fuel Dispenser
Rau Hammes and Schroeder Supermarket,Clemens Medhurst,LMO/2026/10501,28.872236,77.307662,Passed,Fuel Dispenser
Schultz LLC Cold Storage,Mr. Sonny Jacobson,LMO/2026/10502,29.699212,77.235955,Pending,Electronic Weighing Scale
Stokes - Turcotte Fuel Station,Don Bode,LMO/2026/10503,29.339553,76.800565,Passed,Electronic Weighing Scale
Lockman Inc Dairy & Sweets,Sydney Spinka V,LMO/2026/10504,29.235334,77.199374,Failed,Crane Scale
Stiedemann Kirlin and Goldner Dairy & Sweets,Damion Farrell,LMO/2026/10505,28.381222,77.197194,Failed,Non-Automatic Weighing Instrument
Kemmer and Sons Cold Storage,Elwin Spinka,LMO/2026/10506,29.413143,76.793241,Pending,Crane Scale
Herman - Predovic Dairy & Sweets,Hattie Kunze,LMO/2026/10507,28.180148,76.892593,Passed,Fuel Dispenser
Walter - Gutmann-Kessler Fuel Station,Serenity Hyatt,LMO/2026/10508,28.888593,76.520419,Passed,Electronic Weighing Scale
Fay Group Kirana Store,Bennie Kuvalis,LMO/2026/10509,29.054179,76.597311,Passed,Fuel Dispenser
Terry - McClure Kirana Store,Mr. Amani Gerlach,LMO/2026/10510,29.550971,76.378945,Passed,Analytical Precision Balance
Schaden - Towne Jewellers,Mrs. Queen Mayert,LMO/2026/10511,29.650717,76.930565,Pending,Crane Scale
Prosacco LLC Logistics Hub,Elvira Rodriguez,LMO/2026/10512,28.841073,76.902564,Failed,Crane Scale
Spencer - Fahey Jewellers,Claudine Kuhic-Rolfson DDS,LMO/2026/10513,28.885252,76.774946,Passed,Electronic Counter Scale
Kautzer Marquardt and Beer Dairy & Sweets,Ms. Haven Haag,LMO/2026/10514,28.631886,77.340938,Passed,Electronic Weighing Scale
Upton and Sons Kirana Store,Dr. Elenora Hodkiewicz,LMO/2026/10515,28.989168,76.726769,Pending,Crane Scale
Jacobs - Smith Hardware & Steel Depot,Barney Wunsch,LMO/2026/10516,28.198566,76.527294,Passed,Electronic Weighing Scale
Rohan LLC Fertilizers & Agro Chemicals,Cale Abshire,LMO/2026/10517,28.497835,76.721655,Passed,Analytical Precision Balance
Bergnaum Graham and Hilll Fertilizers & Agro Chemicals,Wilbert Stiedemann,LMO/2026/10518,28.667832,76.504454,Pending,Platform Scale
Wiza Group Flour Mill,Clotilde Roberts,LMO/2026/10519,29.286854,77.442121,Passed,Fuel Dispenser
Beier Inc Cotton Ginning Mill,Florian Lang III,LMO/2026/10520,29.201759,76.389926,Pending,Crane Scale
Skiles-Lakin Inc Supermarket,Marcelino Klocko,LMO/2026/10521,29.604973,77.267496,Pending,Electronic Counter Scale
Blick LLC Fertilizers & Agro Chemicals,Joy Prohaska,LMO/2026/10522,29.030433,77.186396,Failed,Weighbridge
Runolfsson Koss and Turcotte-Heidenreich Grain Market Depot,Cullen Ryan,LMO/2026/10523,28.952689,76.957285,Passed,Flow Meter
McCullough Harber and Schroeder Dairy & Sweets,Miss Edwina Rolfson,LMO/2026/10524,28.233044,77.491638,Failed,Automatic Gravimetric Filling Scale
Christiansen and Sons Fertilizers & Agro Chemicals,Moriah Luettgen-Howell IV,LMO/2026/10525,28.601631,76.794986,Pending,Electronic Counter Scale
Langworth Donnelly and Kertzmann General Trading Co,Reginald Larson,LMO/2026/10526,28.839843,76.709591,Passed,Non-Automatic Weighing Instrument
Treutel Gibson and Koss Kirana Store,Grant Prosacco-Farrell II,LMO/2026/10527,28.874459,77.377710,Passed,Non-Automatic Weighing Instrument
Jacobs and Sons Pharma Labs,Maximus Runte,LMO/2026/10528,29.169082,77.040099,Passed,Crane Scale
Kessler Fadel and Koch Supermarket,Mandy Bartoletti-Powlowski PhD,LMO/2026/10529,28.778631,77.294128,Passed,Platform Scale
Abbott LLC Cotton Ginning Mill,Mr. Howard Williamson,LMO/2026/10530,28.593603,77.050861,Pending,Electronic Counter Scale
Crona - Muller Kirana Store,Romaine Heidenreich,LMO/2026/10531,28.552953,76.467365,Pending,Analytical Precision Balance
Carter Inc Hardware & Steel Depot,Cedrick Stamm,LMO/2026/10532,29.242565,76.360552,Pending,Platform Scale
Braun - Cummings Cotton Ginning Mill,Hayden Runolfsdottir,LMO/2026/10533,29.210418,76.720574,Passed,Fuel Dispenser
Beier - Corkery Kirana Store,Sherman Walker,LMO/2026/10534,29.322719,76.380245,Passed,Flow Meter
Frami - Hilll Logistics Hub,Fritz Muller,LMO/2026/10535,29.479246,76.369507,Passed,Fuel Dispenser
Cormier - Feest Cold Storage,Candelario Emard,LMO/2026/10536,28.929757,77.364330,Passed,Weighbridge
Medhurst-Larson - Wehner Grain Market Depot,Edmund Nienow,LMO/2026/10537,28.509474,77.401654,Failed,Analytical Precision Balance
Kunde - Ortiz Fertilizers & Agro Chemicals,Mr. Calvin Dickinson,LMO/2026/10538,29.378993,76.821529,Pending,Flow Meter
Wyman Runolfsson and Pagac Grain Market Depot,Lenny Hartmann,LMO/2026/10539,29.509492,77.214604,Passed,Electronic Weighing Scale
Mohr Morar and Schimmel Cold Storage,Zoey Roberts PhD,LMO/2026/10540,29.589466,76.442457,Passed,Weighbridge
Russel - Nikolaus Logistics Hub,Kaylee Fay MD,LMO/2026/10541,28.873088,77.340064,Pending,Crane Scale
Cole Inc Pharma Labs,Karianne Zieme,LMO/2026/10542,28.530880,76.361895,Passed,Non-Automatic Weighing Instrument
Weimann Wuckert and Thiel Logistics Hub,Mr. Evans Langosh Jr.,LMO/2026/10543,28.275570,76.777994,Passed,Electronic Counter Scale
Walker Inc Cold Storage,Mrs. Lera Sipes,LMO/2026/10544,29.655155,77.199942,Passed,Automatic Gravimetric Filling Scale
Runolfsson LLC Flour Mill,Nat McDermott,LMO/2026/10545,29.122933,76.945757,Failed,Automatic Gravimetric Filling Scale
Quigley - Marquardt Hardware & Steel Depot,Shyann Johnson,LMO/2026/10546,29.221948,77.477867,Passed,Electronic Weighing Scale
Lebsack Hills and Jones Dairy & Sweets,Alejandrin Nader,LMO/2026/10547,29.006067,77.054832,Pending,Analytical Precision Balance
Krajcik - Grimes Fertilizers & Agro Chemicals,Miss Trisha Rempel,LMO/2026/10548,29.622149,76.517235,Pending,Non-Automatic Weighing Instrument
Zulauf and Sons Kirana Store,Miss Carolyn Kohler,LMO/2026/10549,29.325957,77.464887,Pending,Automatic Gravimetric Filling Scale
Armstrong Group Hardware & Steel Depot,Luisa Brown,LMO/2026/10550,28.778421,77.113697,Pending,Fuel Dispenser
Quitzon LLC Cold Storage,Mr. Levi Beier,LMO/2026/10551,29.682639,76.645147,Passed,Flow Meter
Hagenes - Fahey Jewellers,Hattie Johnson,LMO/2026/10552,29.229236,76.675748,Passed,Platform Scale
Sporer Group Fertilizers & Agro Chemicals,Amanda Wolff,LMO/2026/10553,28.630188,76.353125,Pending,Electronic Counter Scale
Homenick Inc Fuel Station,Jerrold Willms,LMO/2026/10554,29.052566,77.270888,Pending,Analytical Precision Balance
Streich Group Pharma Labs,Amari Homenick,LMO/2026/10555,29.705572,77.261254,Passed,Automatic Gravimetric Filling Scale
Schowalter - Fadel Grain Market Depot,Dorothy Marvin,LMO/2026/10556,29.199640,76.591514,Passed,Electronic Weighing Scale
West Kuphal and Hayes General Trading Co,Ricky Connelly-Jerde Sr.,LMO/2026/10557,29.279540,77.252949,Passed,Electronic Weighing Scale
Franecki - Watsica-Greenholt Kirana Store,Miles Donnelly,LMO/2026/10558,29.675855,77.491763,Pending,Crane Scale
Bosco Kling and Lueilwitz Fertilizers & Agro Chemicals,Genevieve Robel,LMO/2026/10559,28.735656,77.121071,Passed,Platform Scale
Rowe Inc Pharma Labs,Aniyah Hackett-Halvorson,LMO/2026/10560,28.473023,77.196770,Pending,Electronic Weighing Scale
Greenfelder and Sons Supermarket,Dr. Tyshawn Altenwerth,LMO/2026/10561,28.633410,77.310056,Pending,Analytical Precision Balance
Schowalter - Dicki Dairy & Sweets,Henry Feil,LMO/2026/10562,28.609702,76.399660,Pending,Electronic Counter Scale
Reilly Inc General Trading Co,Mr. Cleveland Fadel,LMO/2026/10563,28.873135,77.008552,Pending,Fuel Dispenser
Jones Kihn and Osinski Grain Market Depot,Arlene Mante,LMO/2026/10564,29.527843,77.355892,Pending,Non-Automatic Weighing Instrument
Gusikowski Group Cotton Ginning Mill,Omar Hudson,LMO/2026/10565,28.671595,76.663374,Passed,Electronic Weighing Scale
Purdy - Rosenbaum Jewellers,Mrs. Haleigh Ortiz,LMO/2026/10566,28.775352,76.488977,Passed,Fuel Dispenser
Mayert - Braun Dairy & Sweets,Dallas Blick,LMO/2026/10567,28.934124,77.457483,Pending,Fuel Dispenser
Auer-Jakubowski Group Fuel Station,Lester Hauck,LMO/2026/10568,29.411117,77.254125,Passed,Non-Automatic Weighing Instrument
Gerhold Wisoky and Nader Logistics Hub,Brad Wiza,LMO/2026/10569,28.245558,76.846710,Passed,Electronic Counter Scale
Heaney Rempel and Parker Hardware & Steel Depot,Clifford Hills,LMO/2026/10570,28.411752,77.001690,Passed,Fuel Dispenser
Hilpert - Gerlach Pharma Labs,Wava Wehner,LMO/2026/10571,29.373907,76.799815,Passed,Analytical Precision Balance
McLaughlin Koepp and Mueller Flour Mill,Eugene Mann,LMO/2026/10572,28.492972,76.560712,Passed,Weighbridge
Farrell Group Supermarket,Bridgette Trantow,LMO/2026/10573,28.489723,76.856392,Passed,Flow Meter
Johnson Inc Flour Mill,Monroe Renner,LMO/2026/10574,29.580311,76.466681,Passed,Weighbridge
Stracke Group Jewellers,Mozelle Beer,LMO/2026/10575,28.372461,77.087337,Passed,Non-Automatic Weighing Instrument
Quigley - Huel Grain Market Depot,Mellie Stark,LMO/2026/10576,28.231136,77.106613,Passed,Analytical Precision Balance
Grady and Sons Logistics Hub,Willie Willms,LMO/2026/10577,29.666441,77.198229,Pending,Crane Scale
Kohler - Kuvalis Cotton Ginning Mill,Lavada Bode,LMO/2026/10578,29.700094,76.461262,Passed,Crane Scale
Pouros - Brown Cotton Ginning Mill,Akeem Walter,LMO/2026/10579,29.189916,76.511264,Pending,Platform Scale
Ebert Inc Pharma Labs,Michel Lynch,LMO/2026/10580,28.157325,77.334433,Passed,Fuel Dispenser
Hegmann - Turcotte Logistics Hub,Burnice Legros,LMO/2026/10581,28.343245,77.015923,Passed,Analytical Precision Balance
Hintz-Okuneva - Marvin-Ruecker Logistics Hub,Vito Altenwerth,LMO/2026/10582,28.561482,76.852092,Passed,Non-Automatic Weighing Instrument
Hartmann LLC Pharma Labs,Jadon Smith DDS,LMO/2026/10583,28.600912,77.158147,Pending,Flow Meter
Welch Cruickshank and Larson Pharma Labs,Mr. Khalid Frami,LMO/2026/10584,29.580925,77.446951,Passed,Weighbridge
Hilll - Hauck Kirana Store,Iris Kirlin,LMO/2026/10585,29.218586,76.699859,Pending,Automatic Gravimetric Filling Scale
Cassin - Kozey Hardware & Steel Depot,Bob Spencer DVM,LMO/2026/10586,29.191935,76.664069,Pending,Fuel Dispenser
Kohler D'Amore and Fisher Grain Market Depot,Harriet Gutkowski,LMO/2026/10587,29.687505,77.072452,Failed,Electronic Counter Scale
Reichel - Rath Kirana Store,Jarod Brakus,LMO/2026/10588,28.343081,77.126346,Pending,Crane Scale
Champlin and Sons Jewellers,Preston Herzog,LMO/2026/10589,28.751792,76.468590,Pending,Electronic Counter Scale
Ernser - Kovacek Cold Storage,Louie Dach V,LMO/2026/10590,29.203425,77.475054,Failed,Analytical Precision Balance
Maggio - Braun Pharma Labs,Jayda Reilly,LMO/2026/10591,28.388662,77.167638,Pending,Electronic Weighing Scale
Mertz Group Cold Storage,Rosalie Crooks,LMO/2026/10592,29.556923,76.410942,Passed,Platform Scale
Renner Inc Dairy & Sweets,Ernestina Haag,LMO/2026/10593,29.621316,77.447520,Pending,Fuel Dispenser
Pagac Stamm and Hoppe Logistics Hub,Emery Lakin,LMO/2026/10594,28.430171,77.293283,Passed,Electronic Weighing Scale
Stark - Koelpin General Trading Co,Shaniya Hettinger,LMO/2026/10595,29.056474,77.339989,Pending,Analytical Precision Balance
Buckridge Jenkins and Flatley Flour Mill,Mr. Triston Kuhn,LMO/2026/10596,29.406730,76.730740,Failed,Analytical Precision Balance
Rowe Frami and Roob Hardware & Steel Depot,Kathryne Casper-Heidenreich IV,LMO/2026/10597,29.125986,77.368930,Failed,Fuel Dispenser
O'Reilly Inc Supermarket,Dr. Elinore Roob DVM,LMO/2026/10598,29.641602,76.425533,Pending,Flow Meter
Rau - Johnston Fertilizers & Agro Chemicals,Ambrose Parker MD,LMO/2026/10599,29.691596,76.700137,Passed,Electronic Counter Scale
Jenkins and Sons Flour Mill,Katrina Bradtke,LMO/2026/10600,28.334101,77.148804,Passed,Automatic Gravimetric Filling Scale
Herman - Labadie Grain Market Depot,Ralph Skiles,LMO/2026/10601,28.844153,76.591687,Pending,Weighbridge
Harris and Sons Cold Storage,Isai Wilderman,LMO/2026/10602,28.202286,76.391166,Passed,Crane Scale
Willms - Hyatt Hardware & Steel Depot,Dr. Misty Lang PhD,LMO/2026/10603,28.616047,76.690419,Pending,Weighbridge
Daniel Bruen and Predovic Pharma Labs,Mr. Chandler Blick,LMO/2026/10604,28.244283,76.788514,Passed,Flow Meter
Lindgren Rogahn and O'Connell Supermarket,Jena Ledner,LMO/2026/10605,28.917726,76.369761,Passed,Fuel Dispenser
Hahn and Sons Dairy & Sweets,Dr. Tamia Waelchi,LMO/2026/10606,28.175737,77.397779,Passed,Platform Scale
Abernathy - Christiansen Cotton Ginning Mill,Citlalli Gutkowski,LMO/2026/10607,29.207934,77.018552,Passed,Electronic Weighing Scale
Walsh - Sporer-Harvey Cold Storage,Lilyan Leffler,LMO/2026/10608,29.634603,77.343091,Failed,Crane Scale
Zemlak Volkman and Boyer Fertilizers & Agro Chemicals,Phoebe Johnson,LMO/2026/10609,29.334624,76.621117,Passed,Platform Scale
Rohan - Heaney Jewellers,Mohammed Strosin,LMO/2026/10610,29.727042,77.094755,Passed,Electronic Weighing Scale
Blick-Hackett Wilkinson and Batz Cotton Ginning Mill,Joaquin McCullough,LMO/2026/10611,28.799646,77.401288,Pending,Weighbridge
Nolan and Sons Kirana Store,Myrtis Ryan II,LMO/2026/10612,28.278710,76.376499,Passed,Platform Scale
Shanahan Group Jewellers,Elva Pollich,LMO/2026/10613,28.366837,77.394171,Pending,Fuel Dispenser
Cremin Christiansen and Block Logistics Hub,Harley Emmerich-Hirthe,LMO/2026/10614,29.632926,76.954128,Passed,Platform Scale
O'Hara and Sons Cotton Ginning Mill,Ashlee Ratke,LMO/2026/10615,28.467441,77.160516,Failed,Weighbridge
Murazik - Haley Supermarket,Keyshawn Treutel-Kiehn,LMO/2026/10616,29.276961,76.418106,Pending,Analytical Precision Balance
Stehr - Cartwright General Trading Co,Mr. Marquise Leffler DDS,LMO/2026/10617,28.731741,77.031131,Pending,Non-Automatic Weighing Instrument
Wisoky Russel and Pagac Supermarket,Elaine Bauch,LMO/2026/10618,29.291638,76.437783,Pending,Non-Automatic Weighing Instrument
Herzog LLC Fuel Station,Fletcher Padberg,LMO/2026/10619,28.613436,76.471956,Passed,Electronic Weighing Scale
Krajcik - Predovic Supermarket,Raymond Wisoky III,LMO/2026/10620,29.238782,76.708864,Failed,Platform Scale
Metz Inc Grain Market Depot,Benny Leannon,LMO/2026/10621,29.394555,77.459859,Passed,Crane Scale
Pagac - Hoeger Cotton Ginning Mill,Sheldon Rosenbaum,LMO/2026/10622,29.116343,77.442458,Passed,Electronic Counter Scale
Weissnat Hagenes and Heaney General Trading Co,Hilton Hauck MD,LMO/2026/10623,29.004682,76.552788,Pending,Flow Meter
Abernathy LLC Jewellers,Margarete Ankunding,LMO/2026/10624,29.418509,76.670644,Passed,Fuel Dispenser
Bahringer Kulas and VonRueden General Trading Co,Skylar Parker,LMO/2026/10625,29.057301,76.634593,Passed,Electronic Weighing Scale
Klein Hoeger and King Jewellers,Sergio Von,LMO/2026/10626,28.495376,77.398819,Failed,Analytical Precision Balance
Lynch Kerluke and Kshlerin Grain Market Depot,Anastacio Mitchell,LMO/2026/10627,28.773319,76.526602,Failed,Platform Scale
Walker - Dickinson Jewellers,Joesph Bins,LMO/2026/10628,29.107960,76.663322,Passed,Weighbridge
Hudson LLC Grain Market Depot,Bertram Prosacco,LMO/2026/10629,28.992827,76.589577,Failed,Fuel Dispenser
Frami Greenholt and Keeling Hardware & Steel Depot,Bo Windler,LMO/2026/10630,29.260029,77.164317,Passed,Flow Meter
Bauch-Farrell Group Logistics Hub,Alexane Little,LMO/2026/10631,28.893360,76.521893,Failed,Electronic Counter Scale
Conn - Wehner Cold Storage,Stacey Bode,LMO/2026/10632,28.743951,76.618806,Failed,Platform Scale
Hahn - Okuneva Cold Storage,Hadley Greenholt,LMO/2026/10633,29.526262,76.509231,Passed,Weighbridge
Schuppe Inc Grain Market Depot,Henderson Hirthe,LMO/2026/10634,28.676105,77.412286,Passed,Platform Scale
Cole - Kshlerin Grain Market Depot,Alyce Dare,LMO/2026/10635,29.383961,77.386274,Failed,Platform Scale
McLaughlin Schmitt and Gutmann Hardware & Steel Depot,Miss Celine Weissnat-Monahan,LMO/2026/10636,29.101976,76.876522,Passed,Weighbridge
Hayes Koepp-Toy and Moore Logistics Hub,Georgiana Wisoky,LMO/2026/10637,28.435538,77.031102,Passed,Electronic Weighing Scale
Hodkiewicz and Sons Hardware & Steel Depot,Susana Considine,LMO/2026/10638,29.220693,77.270683,Failed,Automatic Gravimetric Filling Scale
Bernhard Hoppe and Deckow Kirana Store,Annabel Schinner,LMO/2026/10639,28.748885,77.330289,Failed,Platform Scale
Goldner Herzog and Abbott Kirana Store,Antwon Konopelski,LMO/2026/10640,28.427933,76.842204,Passed,Weighbridge
Harvey - Steuber Cotton Ginning Mill,Devan Kirlin,LMO/2026/10641,29.688331,77.082434,Passed,Analytical Precision Balance
Bosco and Sons Cold Storage,Mason Dibbert,LMO/2026/10642,29.153363,76.700188,Pending,Non-Automatic Weighing Instrument
Olson LLC Hardware & Steel Depot,Vallie Bosco,LMO/2026/10643,28.164785,76.727418,Passed,Crane Scale
Bogan Inc Dairy & Sweets,Cristina Rodriguez,LMO/2026/10644,28.918518,76.566406,Pending,Automatic Gravimetric Filling Scale
Schaefer Schoen-Kuhlman and Lebsack Cold Storage,Milo Rippin Jr.,LMO/2026/10645,29.013424,76.957461,Pending,Fuel Dispenser
Walsh Inc Fertilizers & Agro Chemicals,Petra Brakus,LMO/2026/10646,29.190802,77.116454,Failed,Analytical Precision Balance
Wisozk Group Hardware & Steel Depot,Felix Rohan,LMO/2026/10647,28.774120,77.371623,Passed,Crane Scale
Kassulke Inc Fertilizers & Agro Chemicals,Lonie Tromp II,LMO/2026/10648,29.146960,76.359869,Passed,Platform Scale
Wiegand O'Conner and Zulauf Kirana Store,Garfield Miller,LMO/2026/10649,28.412643,77.444439,Passed,Electronic Weighing Scale
Wolf Group Supermarket,Oliver Weimann,LMO/2026/10650,28.717698,77.452887,Passed,Crane Scale
Cassin - Ziemann Fuel Station,Erwin Heller,LMO/2026/10651,29.672317,77.123449,Passed,Flow Meter
Carroll Inc Pharma Labs,Mr. Demarco Schumm,LMO/2026/10652,28.509062,76.379766,Passed,Fuel Dispenser
O'Conner and Sons Fertilizers & Agro Chemicals,Edwardo Macejkovic,LMO/2026/10653,28.508317,77.262382,Failed,Flow Meter
Mertz-Kub Steuber and Feil Fertilizers & Agro Chemicals,Larry Zboncak,LMO/2026/10654,29.592473,77.166201,Passed,Electronic Weighing Scale
Boehm Feil and Dibbert Dairy & Sweets,Ellie Reichert,LMO/2026/10655,29.568789,76.527693,Passed,Crane Scale
Thiel - Kemmer Grain Market Depot,Dr. Alfredo Price,LMO/2026/10656,28.741337,77.303543,Passed,Weighbridge
Heller - Homenick Pharma Labs,Citlalli Bernier,LMO/2026/10657,29.462670,76.499099,Passed,Non-Automatic Weighing Instrument
Rodriguez Osinski and Herman Logistics Hub,Ernest Bashirian,LMO/2026/10658,28.890409,76.357397,Failed,Flow Meter
Pacocha - Bailey Dairy & Sweets,Janie Barrows,LMO/2026/10659,28.932505,76.944616,Failed,Electronic Counter Scale
Heidenreich Prohaska and Ratke Fuel Station,Merle Thompson,LMO/2026/10660,29.492201,76.890905,Passed,Crane Scale
Graham Flatley and Durgan Dairy & Sweets,Mr. Tomas Walsh,LMO/2026/10661,29.176914,76.574749,Pending,Fuel Dispenser
Mann Inc Kirana Store,Ewell Lehner,LMO/2026/10662,29.222771,77.296821,Passed,Electronic Weighing Scale
Mertz Group Flour Mill,Miss Aracely Hauck,LMO/2026/10663,28.629818,77.355466,Pending,Electronic Counter Scale
Wyman Welch and Jast Cold Storage,Ollie Kovacek-Miller,LMO/2026/10664,28.456425,76.965200,Passed,Fuel Dispenser
Casper Group Grain Market Depot,Ms. Lucia Hintz,LMO/2026/10665,29.508401,77.131389,Failed,Fuel Dispenser
Murphy Legros and Trantow Fuel Station,Pam Brown,LMO/2026/10666,28.821564,76.635919,Failed,Crane Scale
Jacobson - Wuckert Hardware & Steel Depot,Carlotta Lynch DVM,LMO/2026/10667,29.613019,77.220621,Passed,Electronic Counter Scale
Langosh - Reichert Fuel Station,Lavinia DuBuque,LMO/2026/10668,28.650776,77.396467,Passed,Weighbridge
Brakus Group Hardware & Steel Depot,Victoria O'Hara-Cremin,LMO/2026/10669,28.220388,77.345832,Passed,Flow Meter
Murphy - Hansen General Trading Co,Macey Zboncak,LMO/2026/10670,29.019057,76.732875,Passed,Electronic Counter Scale
Ritchie - Gibson Fertilizers & Agro Chemicals,Mr. Florian Ledner,LMO/2026/10671,28.273580,76.912061,Passed,Weighbridge
Halvorson and Sons Cotton Ginning Mill,Ms. Kiara Stehr Jr.,LMO/2026/10672,28.260105,77.161783,Pending,Automatic Gravimetric Filling Scale
Yundt Johnston and Mills Logistics Hub,Gage King,LMO/2026/10673,28.966113,77.120201,Failed,Crane Scale
Batz - Schmeler Supermarket,Bobby Lakin,LMO/2026/10674,28.321668,77.292066,Passed,Weighbridge
Mante - Larkin Hardware & Steel Depot,Rashad Effertz,LMO/2026/10675,29.580642,76.959678,Passed,Non-Automatic Weighing Instrument
Sporer Beer and Medhurst Supermarket,Columbus Weimann,LMO/2026/10676,29.298680,76.470397,Passed,Analytical Precision Balance
Stamm Dickinson and Fahey Dairy & Sweets,Rubye Stiedemann,LMO/2026/10677,28.689416,77.252432,Pending,Automatic Gravimetric Filling Scale
Bosco Inc Flour Mill,Ms. Hope Ondricka,LMO/2026/10678,28.649887,76.823574,Passed,Analytical Precision Balance
Waters - Beer Grain Market Depot,Name Walter MD,LMO/2026/10679,29.527193,77.481710,Passed,Non-Automatic Weighing Instrument
Fisher - Kshlerin General Trading Co,Kaycee Bahringer,LMO/2026/10680,29.153243,76.566865,Passed,Electronic Weighing Scale
Okuneva Inc General Trading Co,Glenna Kuhic,LMO/2026/10681,29.349731,77.006572,Passed,Non-Automatic Weighing Instrument
Schuppe - Ondricka Logistics Hub,Mr. Edmond Hauck-Crist,LMO/2026/10682,28.305446,77.227244,Pending,Crane Scale
Rath - Feest Fertilizers & Agro Chemicals,Milo O'Conner DVM,LMO/2026/10683,28.613477,77.151862,Passed,Analytical Precision Balance
Pfeffer-Gerlach LLC Hardware & Steel Depot,Lorna Zemlak,LMO/2026/10684,29.544755,77.025268,Pending,Automatic Gravimetric Filling Scale
Carroll - Halvorson Fuel Station,Valentin Stehr V,LMO/2026/10685,29.187640,76.704225,Passed,Flow Meter
Kuhic Group Supermarket,Gonzalo Ratke,LMO/2026/10686,29.597010,76.865964,Passed,Crane Scale
Aufderhar - Daugherty General Trading Co,Jazmyn Waters,LMO/2026/10687,28.174656,76.715583,Pending,Weighbridge
Block-Osinski and Sons Dairy & Sweets,Dandre Crona,LMO/2026/10688,28.894779,77.303527,Pending,Fuel Dispenser
Pagac - Durgan Grain Market Depot,Orlando Fritsch,LMO/2026/10689,28.445662,77.426044,Passed,Platform Scale
Bernhard-Oberbrunner - Conn Pharma Labs,Wilma Vandervort-Weimann,LMO/2026/10690,29.405257,76.697383,Failed,Weighbridge
Braun LLC Hardware & Steel Depot,Carrie Pfannerstill,LMO/2026/10691,29.150512,77.160505,Passed,Weighbridge
Stokes Douglas and Greenholt Pharma Labs,Kody Walker,LMO/2026/10692,29.096804,76.946483,Passed,Automatic Gravimetric Filling Scale
Franecki - Rolfson Fertilizers & Agro Chemicals,Bryan Dibbert,LMO/2026/10693,28.394379,76.663301,Pending,Electronic Counter Scale
Casper Beahan and Graham Jewellers,Agustina Sawayn,LMO/2026/10694,29.529088,76.568513,Pending,Non-Automatic Weighing Instrument
Jerde - Nikolaus Supermarket,Dr. Jarod Mertz-Willms,LMO/2026/10695,28.840157,76.547306,Pending,Analytical Precision Balance
Williamson Nader and Bechtelar Cotton Ginning Mill,Ethan Mann,LMO/2026/10696,28.422338,77.353333,Failed,Analytical Precision Balance
Hauck Morissette and Medhurst Kirana Store,Reilly Spencer,LMO/2026/10697,28.777487,76.892282,Passed,Electronic Counter Scale
Feest - Jakubowski Grain Market Depot,Althea Reilly,LMO/2026/10698,28.385195,76.352278,Pending,Weighbridge
Kshlerin Lehner and Nicolas Cotton Ginning Mill,Mark Pfeffer,LMO/2026/10699,28.506186,77.217929,Pending,Analytical Precision Balance
Kozey LLC Flour Mill,Leilani Kilback,LMO/2026/10700,29.239541,77.336189,Failed,Platform Scale
Spencer - DuBuque Logistics Hub,Tremaine Schultz,LMO/2026/10701,29.731221,76.853499,Pending,Automatic Gravimetric Filling Scale
White and Sons Kirana Store,Jess Grady,LMO/2026/10702,29.293160,77.444911,Passed,Electronic Counter Scale
Heidenreich Stokes and McDermott Jewellers,Chanel Wolff Sr.,LMO/2026/10703,28.715041,76.706810,Pending,Weighbridge
Reinger Klein and Schaefer Cold Storage,Ayla Jaskolski,LMO/2026/10704,28.178298,76.372157,Passed,Weighbridge
Funk-Lueilwitz Group Cotton Ginning Mill,Adolphus McClure,LMO/2026/10705,28.513725,77.402614,Pending,Platform Scale
Mertz - Erdman General Trading Co,Mr. Carmine McKenzie,LMO/2026/10706,28.648519,76.429237,Passed,Fuel Dispenser
Cummerata Group Kirana Store,Einar Kerluke,LMO/2026/10707,28.869677,77.101207,Pending,Platform Scale
Bernhard Group Cold Storage,Bettye Weimann,LMO/2026/10708,29.418385,76.748411,Passed,Automatic Gravimetric Filling Scale
Ebert Streich-Stehr and Ruecker Jewellers,Miss Bernadette Nicolas,LMO/2026/10709,29.383873,76.955768,Pending,Electronic Counter Scale
Mohr Stroman and Luettgen Fuel Station,Belinda Heaney,LMO/2026/10710,29.011421,76.914910,Passed,Automatic Gravimetric Filling Scale
Heaney - Steuber Cold Storage,Jordan Mueller,LMO/2026/10711,28.827833,76.479513,Pending,Fuel Dispenser
Runte Ullrich and Swaniawski Supermarket,Effie Satterfield,LMO/2026/10712,28.440026,76.495777,Passed,Crane Scale
DuBuque Group Kirana Store,Emelie Padberg,LMO/2026/10713,28.388971,77.212079,Passed,Weighbridge
Lemke - Ledner Jewellers,Armani Kautzer,LMO/2026/10714,28.782158,76.693591,Passed,Crane Scale
Hand - Mayert Hardware & Steel Depot,Dr. Daphnee Lemke,LMO/2026/10715,29.620538,76.778940,Pending,Crane Scale
Jacobi-Langosh Inc Kirana Store,Marianne Bins,LMO/2026/10716,28.461210,77.026456,Pending,Flow Meter
Towne and Sons Cold Storage,Meagan Wilkinson,LMO/2026/10717,28.343965,76.857620,Pending,Non-Automatic Weighing Instrument
Wiegand Vandervort and Tillman Fertilizers & Agro Chemicals,Juvenal Keeling,LMO/2026/10718,29.611864,76.394200,Passed,Crane Scale
Johns Group Cotton Ginning Mill,Katelyn Schiller,LMO/2026/10719,28.738003,77.376564,Pending,Non-Automatic Weighing Instrument
Nicolas LLC Fertilizers & Agro Chemicals,Dr. Kiera Corkery,LMO/2026/10720,28.806846,76.799286,Pending,Electronic Weighing Scale
Swaniawski and Sons Fuel Station,Ms. Helena Predovic Sr.,LMO/2026/10721,28.623563,77.496104,Passed,Fuel Dispenser
Strosin - Muller Cold Storage,Vicky Smith,LMO/2026/10722,29.713601,76.467578,Pending,Electronic Counter Scale
Mayer - Bayer Jewellers,Mr. Chesley Wilderman,LMO/2026/10723,29.722269,77.236619,Passed,Crane Scale
VonRueden Inc Fuel Station,Addison Denesik,LMO/2026/10724,29.565924,76.853645,Failed,Flow Meter
Glover LLC Cotton Ginning Mill,Isai Osinski,LMO/2026/10725,29.485093,76.551399,Passed,Non-Automatic Weighing Instrument
Cummings Group Grain Market Depot,Kiarra Berge,LMO/2026/10726,29.037945,76.675311,Failed,Flow Meter
Wunsch Gusikowski and Ondricka-Gerlach Fuel Station,Alexandrea McDermott,LMO/2026/10727,29.237150,76.895125,Passed,Platform Scale
Becker - Leffler Pharma Labs,Koby Hodkiewicz,LMO/2026/10728,29.052767,77.031840,Pending,Platform Scale
Fahey and Sons Logistics Hub,Casimir Stokes,LMO/2026/10729,29.092617,77.305467,Passed,Electronic Counter Scale
Hilll Graham and Schiller Fertilizers & Agro Chemicals,Camden Reilly,LMO/2026/10730,29.004571,76.599128,Pending,Flow Meter
Lesch and Sons Grain Market Depot,Stevie Thompson,LMO/2026/10731,28.997910,76.413961,Passed,Electronic Counter Scale
Lemke Inc Kirana Store,Mr. Leopold Wiegand,LMO/2026/10732,29.433470,76.603469,Failed,Electronic Counter Scale
Gottlieb Inc Grain Market Depot,Barton Rath,LMO/2026/10733,28.967894,76.790501,Pending,Non-Automatic Weighing Instrument
Thompson and Sons Cold Storage,Asa Ferry II,LMO/2026/10734,28.275184,76.692848,Pending,Weighbridge
Corwin - Stehr Fertilizers & Agro Chemicals,Gabriel Dickens,LMO/2026/10735,28.696402,77.310924,Passed,Non-Automatic Weighing Instrument
Gleichner - Carter Dairy & Sweets,Dariana Prohaska,LMO/2026/10736,28.295977,76.774912,Failed,Weighbridge
Bruen VonRueden-Sauer and Ratke General Trading Co,Sanford King,LMO/2026/10737,28.304359,76.672394,Failed,Analytical Precision Balance
Abernathy McCullough and Berge Kirana Store,Mr. Benton Ledner,LMO/2026/10738,28.457700,76.555460,Passed,Weighbridge
Ledner Group Cotton Ginning Mill,Rowena Torphy,LMO/2026/10739,28.300437,76.483872,Pending,Fuel Dispenser
Bins Group Supermarket,Bartholome White,LMO/2026/10740,28.628156,77.254888,Pending,Platform Scale
Stiedemann-Windler - Ankunding Supermarket,Cary Schuppe,LMO/2026/10741,28.856483,76.803860,Pending,Fuel Dispenser
Reilly LLC Logistics Hub,Geraldine Cassin,LMO/2026/10742,28.841757,77.235504,Pending,Non-Automatic Weighing Instrument
Bartoletti - Skiles Fertilizers & Agro Chemicals,Trever Gibson,LMO/2026/10743,29.605914,76.720999,Pending,Analytical Precision Balance
Romaguera - Leffler General Trading Co,Kyra Kihn,LMO/2026/10744,29.326656,77.444329,Passed,Analytical Precision Balance
Bogan Hansen and Skiles Grain Market Depot,Desmond Bartoletti,LMO/2026/10745,28.812380,77.469564,Pending,Fuel Dispenser
Langosh - Spencer-Wilkinson General Trading Co,Jeanne Gorczany,LMO/2026/10746,28.726053,76.478224,Pending,Fuel Dispenser
Willms Bahringer and Pfannerstill Grain Market Depot,Miss Roma Roob,LMO/2026/10747,29.578056,76.925991,Passed,Electronic Weighing Scale
Kassulke Group Hardware & Steel Depot,Deondre Bins,LMO/2026/10748,29.494199,76.441201,Passed,Flow Meter
Schmidt - Lehner Supermarket,Charlie McLaughlin,LMO/2026/10749,28.997528,76.594789,Passed,Electronic Counter Scale
Legros and Sons Logistics Hub,Lola Kutch,LMO/2026/10750,29.413508,76.511902,Passed,Analytical Precision Balance
Brekke - Littel Fuel Station,Loretta Herman,LMO/2026/10751,29.452801,77.094702,Passed,Automatic Gravimetric Filling Scale
Langworth LLC Cotton Ginning Mill,Miss Edythe Tillman,LMO/2026/10752,29.379787,77.358180,Passed,Crane Scale
Wiegand and Sons Grain Market Depot,Marlin Daugherty DVM,LMO/2026/10753,29.082153,76.766342,Passed,Automatic Gravimetric Filling Scale
Reilly - Ledner Pharma Labs,Wilford Conroy,LMO/2026/10754,29.268577,76.622210,Passed,Analytical Precision Balance
Spencer - Rutherford Fuel Station,Cecil Kemmer,LMO/2026/10755,28.932878,76.478433,Passed,Automatic Gravimetric Filling Scale
Kautzer - Bashirian-Schaefer Kirana Store,Boyd Macejkovic-Rohan,LMO/2026/10756,29.746995,76.875227,Passed,Weighbridge
Hudson Olson and Stroman Supermarket,Miss Ashtyn Kshlerin,LMO/2026/10757,29.691881,77.279933,Pending,Automatic Gravimetric Filling Scale
Harber and Sons Supermarket,Zetta Beatty DVM,LMO/2026/10758,28.866108,76.410053,Passed,Analytical Precision Balance
Paucek - Wiegand Jewellers,Zelda McDermott,LMO/2026/10759,28.230163,77.065077,Passed,Fuel Dispenser
Stroman - Hauck Pharma Labs,August Cartwright,LMO/2026/10760,28.384177,76.913841,Passed,Electronic Counter Scale
Kassulke Heller and Effertz Cold Storage,Curtis Williamson,LMO/2026/10761,29.379255,76.775465,Pending,Analytical Precision Balance
Terry - Towne Flour Mill,Maverick Simonis,LMO/2026/10762,29.339490,76.840225,Passed,Analytical Precision Balance
Hirthe Lowe and Will Fertilizers & Agro Chemicals,Linnea Buckridge MD,LMO/2026/10763,28.866980,77.105019,Failed,Non-Automatic Weighing Instrument
Runte Rempel and McKenzie Jewellers,Mr. Keagan Ratke I,LMO/2026/10764,28.468516,76.848463,Pending,Crane Scale
VonRueden Barrows and Conroy Cold Storage,Cristian Farrell,LMO/2026/10765,29.368499,76.583001,Pending,Electronic Counter Scale
Casper Mayer and Zemlak Cold Storage,Cicero Homenick,LMO/2026/10766,28.643156,77.406203,Pending,Automatic Gravimetric Filling Scale
Beer and Sons Grain Market Depot,Dena Romaguera,LMO/2026/10767,28.280726,77.281747,Pending,Electronic Weighing Scale
Botsford LLC Fertilizers & Agro Chemicals,Mr. Nat Barrows,LMO/2026/10768,28.191135,76.418220,Passed,Platform Scale
Bayer - Jenkins Supermarket,Kylie Homenick,LMO/2026/10769,28.754717,76.622457,Pending,Automatic Gravimetric Filling Scale
Leffler and Sons Fertilizers & Agro Chemicals,Berniece Cassin,LMO/2026/10770,29.568334,77.390785,Pending,Fuel Dispenser
Bernier Group Flour Mill,Cleveland Ziemann-Reynolds,LMO/2026/10771,29.309803,76.696945,Failed,Electronic Counter Scale
Wuckert Group Pharma Labs,Sheridan Lesch,LMO/2026/10772,28.172452,77.167041,Pending,Analytical Precision Balance
Kautzer Thompson and Hagenes Cotton Ginning Mill,Kaela Predovic,LMO/2026/10773,28.207141,77.374354,Pending,Analytical Precision Balance
Rath - Nitzsche Hardware & Steel Depot,Mr. Triston Block,LMO/2026/10774,28.826261,76.555547,Passed,Electronic Weighing Scale
Collins Crooks and Bauch Pharma Labs,Mr. Dock Lakin V,LMO/2026/10775,29.089378,76.993506,Passed,Fuel Dispenser
Larson - Rippin Logistics Hub,Grover Mante,LMO/2026/10776,29.060942,77.063290,Passed,Automatic Gravimetric Filling Scale
Blick - Kuvalis Pharma Labs,Ms. Tamara Swaniawski,LMO/2026/10777,28.622901,76.966654,Failed,Automatic Gravimetric Filling Scale
Maggio Hilll and Bauch Cotton Ginning Mill,Hugh Lindgren-Dietrich,LMO/2026/10778,28.911636,77.437797,Passed,Electronic Counter Scale
Nienow and Sons Fuel Station,Xzavier Block,LMO/2026/10779,29.010326,76.674209,Passed,Weighbridge
Sawayn - Koch-Jast Flour Mill,Santa Torp,LMO/2026/10780,29.183092,77.326491,Failed,Weighbridge
Turcotte - Powlowski Hardware & Steel Depot,Miss Shelia Marquardt,LMO/2026/10781,29.518609,76.381627,Passed,Weighbridge
Lind Schowalter and Greenholt Fuel Station,Vidal Reichel DDS,LMO/2026/10782,29.614652,76.559798,Pending,Electronic Weighing Scale
Keeling - Weissnat Pharma Labs,Lee Nitzsche,LMO/2026/10783,28.486556,76.788668,Pending,Crane Scale
Mohr LLC Cold Storage,Zion Wisoky,LMO/2026/10784,28.567723,76.446132,Passed,Crane Scale
Kutch LLC General Trading Co,Nigel Conroy,LMO/2026/10785,29.677753,76.784577,Passed,Non-Automatic Weighing Instrument
Koss Donnelly and McGlynn Fuel Station,Wyatt Kunde,LMO/2026/10786,29.135557,76.979451,Pending,Platform Scale
Mertz Hand and Kuhn Kirana Store,Marcel Ratke,LMO/2026/10787,28.626658,76.751734,Passed,Crane Scale
Padberg Group Fuel Station,Ryder Reichert,LMO/2026/10788,28.887212,77.306842,Pending,Non-Automatic Weighing Instrument
Lesch Inc Cold Storage,Rosario Padberg,LMO/2026/10789,28.326669,77.279156,Passed,Analytical Precision Balance
Wolf - Lowe Kirana Store,Evert Jones,LMO/2026/10790,28.496582,76.788639,Pending,Non-Automatic Weighing Instrument
Steuber Barrows and Balistreri Fuel Station,Mr. Aiden Morar,LMO/2026/10791,28.643515,76.927931,Pending,Automatic Gravimetric Filling Scale
Wiza-Hartmann - Cormier Flour Mill,Jimmy Boyle II,LMO/2026/10792,28.792775,76.427203,Passed,Platform Scale
Franecki - Hauck-Reinger Flour Mill,Lia Pouros,LMO/2026/10793,28.769315,77.318082,Pending,Electronic Counter Scale
Keeling Haag and Botsford Hardware & Steel Depot,Donnie Rau,LMO/2026/10794,28.897919,76.802055,Pending,Crane Scale
Dickinson Inc Fertilizers & Agro Chemicals,Finn Nolan,LMO/2026/10795,28.291896,77.275306,Passed,Electronic Counter Scale
Rau - Marquardt General Trading Co,Isabelle Lockman,LMO/2026/10796,28.175703,76.878783,Passed,Analytical Precision Balance
O'Reilly Yundt-Toy and Boyle Fertilizers & Agro Chemicals,Earline Botsford,LMO/2026/10797,29.268559,77.010564,Passed,Non-Automatic Weighing Instrument
Hodkiewicz - Langosh Pharma Labs,Sonja Muller,LMO/2026/10798,28.643892,76.953474,Passed,Weighbridge
Abshire LLC Flour Mill,Randall Kling,LMO/2026/10799,28.637627,77.047007,Failed,Crane Scale
Paucek Dicki and Koelpin General Trading Co,Dorcas Monahan,LMO/2026/10800,28.400293,76.859862,Pending,Flow Meter
Zboncak and Sons Cold Storage,Carey Wolff,LMO/2026/10801,28.518320,77.197251,Pending,Non-Automatic Weighing Instrument
Lynch Harris and Feeney Logistics Hub,Christiana Goodwin,LMO/2026/10802,28.264131,76.475184,Pending,Weighbridge
Rogahn Inc Cold Storage,Alaina Jast,LMO/2026/10803,29.616708,76.837170,Passed,Analytical Precision Balance
Doyle Gibson and Little Dairy & Sweets,Mr. Malachi Hodkiewicz,LMO/2026/10804,28.600191,76.450043,Pending,Flow Meter
Quigley - Beahan-Beer General Trading Co,Orie Hyatt IV,LMO/2026/10805,28.369210,77.206579,Failed,Crane Scale
Ruecker Haley and Kutch Grain Market Depot,Mr. Jacky Rosenbaum,LMO/2026/10806,28.854834,77.337270,Passed,Platform Scale
Durgan Carroll and Balistreri Cotton Ginning Mill,Jacky Champlin,LMO/2026/10807,29.355500,76.663892,Passed,Electronic Weighing Scale
Wintheiser - Schowalter Logistics Hub,Devon Bergstrom,LMO/2026/10808,28.860076,76.397455,Pending,Platform Scale
Rempel Inc Dairy & Sweets,Tremaine Conn,LMO/2026/10809,29.610124,76.687849,Passed,Weighbridge
Corkery Gibson and Mann Jewellers,Darrell O'Hara,LMO/2026/10810,29.241917,76.469965,Pending,Electronic Counter Scale
Padberg Moore and Kautzer Kirana Store,Jamal Abbott,LMO/2026/10811,29.658094,76.356531,Passed,Analytical Precision Balance
Gorczany Funk and Kassulke Grain Market Depot,Perry Considine,LMO/2026/10812,28.749115,76.356290,Passed,Crane Scale
Stamm and Sons Grain Market Depot,Sara Kirlin-King,LMO/2026/10813,29.431196,77.181755,Passed,Automatic Gravimetric Filling Scale
Hahn Inc Hardware & Steel Depot,Enrico Morissette,LMO/2026/10814,29.398464,76.711866,Pending,Electronic Counter Scale
Schmitt - Ryan Supermarket,Ernestina Wisoky,LMO/2026/10815,29.278469,76.354149,Pending,Electronic Counter Scale
Johnston Moen and Dickinson Dairy & Sweets,Nyasia Stanton,LMO/2026/10816,28.532223,76.803922,Pending,Electronic Counter Scale
Kunze Flatley and Wisoky Logistics Hub,Hester Ratke,LMO/2026/10817,28.417954,77.353907,Failed,Automatic Gravimetric Filling Scale
Kulas and Sons Pharma Labs,Dillan Bashirian,LMO/2026/10818,28.174689,76.816907,Pending,Non-Automatic Weighing Instrument
Turcotte and Sons Dairy & Sweets,Ms. Letha Ankunding Jr.,LMO/2026/10819,29.734441,76.908824,Passed,Analytical Precision Balance
Bogisich LLC Cold Storage,Christophe Herman,LMO/2026/10820,28.765267,77.077345,Passed,Electronic Weighing Scale
Jast - Flatley Hardware & Steel Depot,Brandyn Okuneva,LMO/2026/10821,28.942711,76.475297,Pending,Electronic Counter Scale
Jacobi - Kessler-Dietrich Hardware & Steel Depot,Hollie Boehm,LMO/2026/10822,28.667967,77.328291,Pending,Non-Automatic Weighing Instrument
Nicolas - Cassin Supermarket,Sonia Treutel,LMO/2026/10823,28.770075,76.788374,Passed,Weighbridge
O'Kon and Sons Cotton Ginning Mill,Mr. Brain Rowe,LMO/2026/10824,29.364245,76.659014,Passed,Crane Scale
Pouros Parker and Skiles Logistics Hub,Dr. Kirsten Hagenes,LMO/2026/10825,28.711033,76.904676,Passed,Automatic Gravimetric Filling Scale
Collins Schmitt and O'Keefe Kirana Store,Mr. Eino Wiza,LMO/2026/10826,29.084573,77.120224,Failed,Fuel Dispenser
Prosacco Watsica and Crona Dairy & Sweets,Ms. Matilda Block-Botsford,LMO/2026/10827,28.944367,76.552246,Pending,Electronic Counter Scale
Nikolaus - Heathcote Hardware & Steel Depot,Natalie Simonis,LMO/2026/10828,29.016908,77.260103,Passed,Non-Automatic Weighing Instrument
Davis Crist and Little General Trading Co,Mr. Ollie Gleichner,LMO/2026/10829,29.699153,77.317057,Pending,Platform Scale
Hammes Inc Fertilizers & Agro Chemicals,Furman Medhurst PhD,LMO/2026/10830,29.284831,77.460689,Passed,Flow Meter
Gottlieb - Schuppe Kirana Store,Mr. Alfredo Morar,LMO/2026/10831,29.055499,77.385236,Passed,Automatic Gravimetric Filling Scale
Farrell and Sons Dairy & Sweets,Jonathan Fisher,LMO/2026/10832,29.411675,76.958435,Passed,Analytical Precision Balance
Cruickshank - Jaskolski Pharma Labs,Carmella MacGyver,LMO/2026/10833,28.626111,77.008181,Passed,Platform Scale
Lowe - Harvey-Streich Grain Market Depot,Leticia Halvorson,LMO/2026/10834,29.106265,77.237755,Passed,Electronic Counter Scale
Runolfsdottir - Ankunding Fertilizers & Agro Chemicals,Miss Laurel Cruickshank,LMO/2026/10835,29.388300,77.116496,Failed,Electronic Counter Scale
O'Connell LLC Fertilizers & Agro Chemicals,Juwan Boehm,LMO/2026/10836,28.947182,76.943520,Failed,Automatic Gravimetric Filling Scale
Sawayn Bechtelar and White Hardware & Steel Depot,Eddie Glover,LMO/2026/10837,28.534503,76.936257,Pending,Weighbridge
Watsica Group Grain Market Depot,Sven Murphy,LMO/2026/10838,28.882792,77.038731,Passed,Flow Meter
Purdy - Heller Cotton Ginning Mill,Ardith Predovic Jr.,LMO/2026/10839,28.592200,77.239779,Pending,Platform Scale
Orn LLC Fuel Station,Bobbie Dietrich,LMO/2026/10840,28.473261,76.858612,Pending,Fuel Dispenser
Mueller Hodkiewicz and Schimmel Cold Storage,Jude Hartmann DDS,LMO/2026/10841,29.519252,77.196468,Passed,Flow Meter
Powlowski - Harris General Trading Co,Dr. Shaina Cruickshank,LMO/2026/10842,29.672645,77.164913,Passed,Electronic Counter Scale
Keebler-Dooley Brakus and Ruecker General Trading Co,Eric Hickle,LMO/2026/10843,29.144430,77.291677,Pending,Non-Automatic Weighing Instrument
Jenkins LLC Logistics Hub,Morris Ryan,LMO/2026/10844,28.224837,76.352058,Passed,Analytical Precision Balance
Brekke Strosin and Prosacco General Trading Co,Mr. Frederik Kessler,LMO/2026/10845,29.209941,76.701500,Failed,Crane Scale
Strosin and Sons Logistics Hub,Cicero Runte-Orn Jr.,LMO/2026/10846,28.285945,76.543001,Failed,Crane Scale
Wintheiser and Sons Hardware & Steel Depot,Norma Sawayn,LMO/2026/10847,29.375656,76.703518,Passed,Non-Automatic Weighing Instrument
Toy and Sons Pharma Labs,Madison Lind,LMO/2026/10848,29.373405,77.317754,Passed,Electronic Weighing Scale
Bernhard - Schneider Dairy & Sweets,Avery Mante,LMO/2026/10849,28.685747,77.459314,Passed,Crane Scale
Kuphal Wiegand and Welch Fuel Station,Estrella Ritchie,LMO/2026/10850,28.625913,76.609852,Failed,Analytical Precision Balance
Stanton LLC Hardware & Steel Depot,Aubrey Powlowski,LMO/2026/10851,29.186108,76.849512,Passed,Crane Scale
Cassin Group Dairy & Sweets,Winston Leffler,LMO/2026/10852,28.351279,77.261989,Passed,Electronic Weighing Scale
Braun - Harris Jewellers,Sage Tromp,LMO/2026/10853,28.666277,76.377507,Passed,Non-Automatic Weighing Instrument
Klocko - Price Grain Market Depot,Abdul Green,LMO/2026/10854,28.911061,76.380235,Passed,Crane Scale
Heller Waters and Fay General Trading Co,Karley Berge,LMO/2026/10855,28.933236,77.330744,Failed,Fuel Dispenser
Lakin Huels and Prohaska General Trading Co,Damion Keeling-Ratke,LMO/2026/10856,28.772361,77.244409,Passed,Fuel Dispenser
Jakubowski Cassin and Lowe-Mann Supermarket,Beverly Kuhlman,LMO/2026/10857,28.557930,76.748003,Passed,Crane Scale
Botsford - Barton General Trading Co,Tiffany Legros,LMO/2026/10858,28.534392,76.596197,Passed,Flow Meter
Breitenberg - Bosco-Hilpert Jewellers,Marcella Bechtelar,LMO/2026/10859,28.680456,77.259804,Passed,Fuel Dispenser
Fahey Watsica and Greenfelder General Trading Co,Alene Crist,LMO/2026/10860,29.540483,76.602166,Failed,Platform Scale
Reilly Lebsack and Koss Logistics Hub,Alexander Waters PhD,LMO/2026/10861,28.474775,77.352823,Passed,Electronic Weighing Scale
Baumbach - Hahn Supermarket,Esteban Zulauf IV,LMO/2026/10862,28.322251,76.538715,Passed,Platform Scale
Kuvalis Group Fuel Station,Joanne Kunde,LMO/2026/10863,28.782305,76.717917,Passed,Electronic Weighing Scale
Keeling Johnston and Kirlin Kirana Store,Jairo Dietrich,LMO/2026/10864,29.324079,76.737278,Pending,Flow Meter
White - Toy Kirana Store,Rafaela Ullrich,LMO/2026/10865,28.661746,76.431081,Pending,Crane Scale
Ferry - Koepp Cold Storage,Lily Nicolas,LMO/2026/10866,28.840886,76.350999,Passed,Crane Scale
McKenzie Bechtelar and Wiza Kirana Store,Darrel Hodkiewicz,LMO/2026/10867,28.612138,76.947177,Pending,Electronic Counter Scale
Terry - Spinka General Trading Co,Rolando Bosco,LMO/2026/10868,29.003688,76.452324,Pending,Electronic Counter Scale
Shanahan LLC Kirana Store,Jimmie Durgan-Kirlin,LMO/2026/10869,29.716333,76.887784,Passed,Electronic Weighing Scale
Connelly Inc Flour Mill,Lue Mills-Glover Jr.,LMO/2026/10870,28.602816,76.916235,Failed,Weighbridge
Crist Yost and Miller Cotton Ginning Mill,Damion Doyle,LMO/2026/10871,29.562742,77.077072,Failed,Automatic Gravimetric Filling Scale
Hodkiewicz Murray and Mitchell Supermarket,Logan Fritsch,LMO/2026/10872,28.571200,76.850919,Passed,Electronic Weighing Scale
Roberts and Sons Grain Market Depot,Ashtyn Sipes-Carter,LMO/2026/10873,29.446642,76.377455,Passed,Analytical Precision Balance
Rolfson LLC Grain Market Depot,Ali Strosin V,LMO/2026/10874,29.429302,77.076241,Passed,Non-Automatic Weighing Instrument
Kessler Rosenbaum and Bins Logistics Hub,Ines Treutel,LMO/2026/10875,28.422481,77.157991,Passed,Platform Scale
Metz Powlowski and Schamberger Cold Storage,Clarabelle Williamson DDS,LMO/2026/10876,28.621856,76.945162,Failed,Crane Scale
Wintheiser - Miller General Trading Co,Furman Cummings-Schroeder Jr.,LMO/2026/10877,28.562904,77.113818,Passed,Analytical Precision Balance
Metz - Hills Dairy & Sweets,Uriah Huel,LMO/2026/10878,29.673900,76.916841,Passed,Platform Scale
O'Kon - Hessel General Trading Co,Geo Tromp,LMO/2026/10879,29.621297,76.833470,Pending,Non-Automatic Weighing Instrument
Mertz-Emard LLC Dairy & Sweets,Jared Crooks,LMO/2026/10880,29.007597,76.351747,Pending,Fuel Dispenser
Price Conn and Kunze Fertilizers & Agro Chemicals,Mr. Khalil Wisozk,LMO/2026/10881,28.174654,77.380798,Passed,Flow Meter
Kub - Aufderhar General Trading Co,Camron Klocko,LMO/2026/10882,28.321794,76.441571,Passed,Flow Meter
Bayer - Schuppe Fuel Station,Henry Powlowski,LMO/2026/10883,29.498020,76.496475,Passed,Automatic Gravimetric Filling Scale
Ebert - Schaefer Hardware & Steel Depot,Jan Shanahan,LMO/2026/10884,29.176863,76.850871,Passed,Electronic Weighing Scale
Kshlerin Inc Supermarket,Marcelina Watsica,LMO/2026/10885,29.579671,77.393664,Passed,Electronic Counter Scale
Reinger Group Fertilizers & Agro Chemicals,Alicia Heidenreich,LMO/2026/10886,28.316768,76.952504,Passed,Electronic Counter Scale
Huel Abernathy and Collins Jewellers,Regan Huel,LMO/2026/10887,28.699834,76.585902,Passed,Automatic Gravimetric Filling Scale
Nolan and Sons General Trading Co,Harley White,LMO/2026/10888,28.994779,77.379019,Passed,Automatic Gravimetric Filling Scale
Flatley - Legros Supermarket,Devyn Jacobs,LMO/2026/10889,29.611378,76.593098,Failed,Platform Scale
Hessel Friesen-Prohaska and Champlin Hardware & Steel Depot,Clyde Bradtke,LMO/2026/10890,29.119603,76.582778,Pending,Weighbridge
Quitzon Group Cotton Ginning Mill,Martine Stroman,LMO/2026/10891,29.058444,76.870764,Pending,Analytical Precision Balance
Hauck and Sons Logistics Hub,Anne Murazik,LMO/2026/10892,29.209356,77.354402,Passed,Crane Scale
Haley Group Cotton Ginning Mill,Jody Balistreri III,LMO/2026/10893,28.693653,77.282946,Passed,Non-Automatic Weighing Instrument
Welch - Rohan Logistics Hub,Hassie Toy,LMO/2026/10894,29.011777,76.945556,Passed,Weighbridge
McLaughlin LLC Supermarket,Abbey Gerhold,LMO/2026/10895,29.299859,76.776512,Passed,Fuel Dispenser
Raynor Inc Flour Mill,Barrett Koss,LMO/2026/10896,29.054109,76.434942,Passed,Analytical Precision Balance
Ward O'Conner and Mitchell-Littel Supermarket,Nikko Murray,LMO/2026/10897,29.478721,77.488766,Pending,Weighbridge
Mitchell D'Amore and Bogan Kirana Store,Ms. Ericka Rowe,LMO/2026/10898,28.842041,77.446241,Passed,Electronic Counter Scale
Langworth LLC Cold Storage,Renee Waelchi,LMO/2026/10899,28.772739,76.557484,Passed,Analytical Precision Balance
Walker Hane and Gislason Jewellers,Warren Gerlach,LMO/2026/10900,28.382462,76.902876,Failed,Non-Automatic Weighing Instrument
Pfeffer Group Supermarket,Cielo Upton,LMO/2026/10901,29.465740,77.120054,Pending,Analytical Precision Balance
Von Hahn and Doyle Fuel Station,Maynard Hammes I,LMO/2026/10902,29.364674,77.424530,Pending,Automatic Gravimetric Filling Scale
Doyle Johns and McGlynn Dairy & Sweets,Sydnee Kemmer,LMO/2026/10903,29.512433,76.930334,Passed,Fuel Dispenser
Kihn Inc Jewellers,Abe Sawayn,LMO/2026/10904,29.589784,76.821452,Passed,Electronic Weighing Scale
Anderson and Sons Hardware & Steel Depot,Karla Wehner,LMO/2026/10905,28.448402,77.327634,Passed,Flow Meter
Bechtelar Dooley and Bailey Hardware & Steel Depot,Baylee Tillman,LMO/2026/10906,28.913943,76.818266,Passed,Platform Scale
Vandervort Braun and Macejkovic Fuel Station,Phillip Macejkovic,LMO/2026/10907,28.656444,76.696903,Pending,Platform Scale
Bauch Inc Fertilizers & Agro Chemicals,Peyton Torphy,LMO/2026/10908,29.143562,77.171827,Passed,Fuel Dispenser
Beahan - Gutkowski Dairy & Sweets,Sandy Kessler,LMO/2026/10909,28.629006,76.459919,Passed,Analytical Precision Balance
Vandervort - Reynolds Kirana Store,Deshaun Morar,LMO/2026/10910,28.248192,76.484072,Failed,Analytical Precision Balance
Rosenbaum and Sons Cotton Ginning Mill,Darby Hodkiewicz,LMO/2026/10911,28.774820,76.925309,Pending,Non-Automatic Weighing Instrument
Ledner Group Logistics Hub,Mozell Bogisich,LMO/2026/10912,29.589177,76.830176,Passed,Electronic Counter Scale
Cartwright - Cartwright Fertilizers & Agro Chemicals,Kathy Windler,LMO/2026/10913,28.245005,77.296921,Pending,Flow Meter
Botsford and Sons Jewellers,Gerard Stamm,LMO/2026/10914,28.772333,77.209829,Pending,Electronic Counter Scale
Leffler Frami and Little Supermarket,Rosa Wolff,LMO/2026/10915,28.507999,77.198179,Passed,Electronic Counter Scale
Rogahn LLC Logistics Hub,Ross Lebsack,LMO/2026/10916,29.117769,76.863168,Passed,Electronic Counter Scale
Marvin Inc Cotton Ginning Mill,Gabe Lind,LMO/2026/10917,29.270035,77.497553,Passed,Flow Meter
Dare Huel and Murphy Cold Storage,Camron Strosin,LMO/2026/10918,29.736007,77.078399,Pending,Electronic Counter Scale
Ankunding Weissnat and Labadie Fuel Station,Rudy Smith,LMO/2026/10919,29.040881,77.125033,Pending,Flow Meter
Runolfsdottir - O'Kon Flour Mill,Miss Albina Watsica,LMO/2026/10920,29.415619,77.063748,Pending,Platform Scale
Rutherford LLC Cotton Ginning Mill,Sanford Ferry,LMO/2026/10921,28.242600,77.235386,Passed,Electronic Counter Scale
Rempel LLC Cold Storage,Elvie Fay,LMO/2026/10922,28.571836,77.163304,Passed,Non-Automatic Weighing Instrument
Daugherty - Bahringer Fuel Station,Franco Renner,LMO/2026/10923,29.616049,77.240708,Pending,Electronic Weighing Scale
Batz LLC Fertilizers & Agro Chemicals,Anais Considine,LMO/2026/10924,28.775827,77.256062,Pending,Automatic Gravimetric Filling Scale
Braun - Hahn Hardware & Steel Depot,Adonis Rau,LMO/2026/10925,29.022317,76.746579,Passed,Platform Scale
Bosco Heathcote and Gulgowski Cold Storage,Nedra Huel,LMO/2026/10926,28.739170,76.722208,Failed,Fuel Dispenser
Weber - Kub Hardware & Steel Depot,Rufus Wilderman,LMO/2026/10927,29.707383,77.366993,Failed,Flow Meter
Nolan Streich and McKenzie Cold Storage,Berniece Parker,LMO/2026/10928,28.154305,77.276216,Pending,Flow Meter
Schuster Lubowitz and Greenholt Pharma Labs,Palma Boyle,LMO/2026/10929,28.620579,77.300657,Failed,Weighbridge
Bayer - Moen General Trading Co,Marcos Thompson IV,LMO/2026/10930,28.658989,77.437207,Passed,Fuel Dispenser
Johns Group Supermarket,Vicenta Crist,LMO/2026/10931,29.446533,77.319369,Pending,Electronic Counter Scale
Franecki - Shanahan Grain Market Depot,Freddy Schiller,LMO/2026/10932,28.471821,76.372742,Passed,Fuel Dispenser
Witting Inc Kirana Store,Joanny Lowe,LMO/2026/10933,28.823194,76.545678,Passed,Flow Meter
Lubowitz - Armstrong General Trading Co,Irvin Ondricka,LMO/2026/10934,29.696825,76.506638,Passed,Crane Scale
Shanahan-Feil Harvey and Kunde Grain Market Depot,Horacio Mante,LMO/2026/10935,28.925045,77.053432,Passed,Analytical Precision Balance
Volkman Rau and Rau Jewellers,Jovanny Mraz,LMO/2026/10936,28.237947,77.404163,Passed,Weighbridge
DuBuque - Bernier Logistics Hub,Ms. Manuela Ritchie,LMO/2026/10937,29.073997,76.770048,Passed,Crane Scale
Hickle Group Dairy & Sweets,Bell Wisoky,LMO/2026/10938,28.261744,77.487311,Pending,Flow Meter
Hills - Paucek Pharma Labs,Andreane Denesik,LMO/2026/10939,28.637003,76.841290,Passed,Electronic Counter Scale
Haag - Aufderhar Cold Storage,Gussie Hermann,LMO/2026/10940,29.021841,77.214338,Failed,Non-Automatic Weighing Instrument
Davis - Goodwin Pharma Labs,Marley Mills,LMO/2026/10941,29.242619,76.616249,Passed,Crane Scale
Kilback LLC Supermarket,Linda Nolan,LMO/2026/10942,29.076184,76.473816,Passed,Platform Scale
Abshire Barton and Bechtelar Cotton Ginning Mill,Anabel Vandervort,LMO/2026/10943,29.322101,77.207595,Pending,Analytical Precision Balance
Schinner - Auer Cotton Ginning Mill,Anastasia Ziemann,LMO/2026/10944,28.410804,77.477477,Pending,Flow Meter
Torp - O'Keefe Kirana Store,Rosanna Rolfson,LMO/2026/10945,29.496065,76.823443,Passed,Analytical Precision Balance
Mills Group Hardware & Steel Depot,Ethan Jones,LMO/2026/10946,28.966960,76.443570,Passed,Fuel Dispenser
Rau Nitzsche and McKenzie Fuel Station,Mason Zboncak,LMO/2026/10947,29.480316,77.249147,Passed,Analytical Precision Balance
Runolfsson Bogisich and Dooley Cotton Ginning Mill,Mckenzie Maggio,LMO/2026/10948,29.651825,76.886541,Passed,Flow Meter
Block Inc Pharma Labs,Samson Okuneva,LMO/2026/10949,29.639325,76.488557,Passed,Electronic Counter Scale
Beier Inc Grain Market Depot,Sincere Ferry,LMO/2026/10950,28.379314,77.425712,Passed,Analytical Precision Balance
Stoltenberg LLC Dairy & Sweets,Jordane Turcotte,LMO/2026/10951,29.308744,76.383764,Passed,Platform Scale
Haley Rohan and Hauck Logistics Hub,Janessa Hansen,LMO/2026/10952,28.892814,76.649364,Failed,Analytical Precision Balance
Dickens - Hills Jewellers,Mr. Joseph Bailey-Monahan,LMO/2026/10953,28.533553,77.049120,Pending,Automatic Gravimetric Filling Scale
Yost Group Cotton Ginning Mill,Breanna Parker,LMO/2026/10954,29.158645,77.477172,Failed,Automatic Gravimetric Filling Scale
Jacobs Group General Trading Co,Gisselle Lubowitz,LMO/2026/10955,28.702095,76.577534,Pending,Non-Automatic Weighing Instrument
Bogisich - Ullrich Logistics Hub,Regina Oberbrunner II,LMO/2026/10956,28.276287,77.143805,Pending,Non-Automatic Weighing Instrument
Mayer - Brekke Fertilizers & Agro Chemicals,Ambrose Mohr,LMO/2026/10957,29.670912,76.737826,Passed,Flow Meter
Predovic LLC Pharma Labs,Torrance Boyer,LMO/2026/10958,29.110920,77.431890,Passed,Weighbridge
Johnston Group Grain Market Depot,Ray Hoppe,LMO/2026/10959,28.303075,76.821099,Passed,Analytical Precision Balance
Hermiston and Sons Fuel Station,Craig Morissette,LMO/2026/10960,28.424293,76.403247,Pending,Analytical Precision Balance
Parisian - Keeling Pharma Labs,Irwin Steuber,LMO/2026/10961,28.527837,76.478538,Failed,Electronic Counter Scale
Hickle - Herzog Hardware & Steel Depot,Leon Doyle-Gislason,LMO/2026/10962,29.576787,77.061547,Pending,Weighbridge
Olson Barton and Hintz Pharma Labs,Cordell Heaney,LMO/2026/10963,29.327818,77.264642,Pending,Weighbridge
Gutmann - Waelchi Flour Mill,Bridie Yundt,LMO/2026/10964,29.746046,76.401034,Passed,Weighbridge
Wunsch - Bosco Cotton Ginning Mill,Jules Hilll,LMO/2026/10965,28.162366,76.769913,Passed,Electronic Weighing Scale
Schultz - Thompson Fuel Station,Arnold Hermiston,LMO/2026/10966,28.892187,77.087567,Pending,Platform Scale
Brakus - Armstrong Supermarket,Garnett Beer-Lubowitz,LMO/2026/10967,29.720894,77.428609,Passed,Electronic Counter Scale
Sauer Group Hardware & Steel Depot,Kim Doyle,LMO/2026/10968,28.635011,76.914739,Passed,Platform Scale
Quitzon Group Fertilizers & Agro Chemicals,Maxie Carter,LMO/2026/10969,28.837039,77.214846,Pending,Analytical Precision Balance
Swaniawski and Sons Fertilizers & Agro Chemicals,Quinn Walsh Sr.,LMO/2026/10970,29.050484,76.607341,Passed,Analytical Precision Balance
Cole Hermann and Rolfson Flour Mill,Ms. Katherine Mosciski,LMO/2026/10971,28.595598,76.501182,Passed,Electronic Weighing Scale
O'Kon Inc Grain Market Depot,Lorenz Feeney,LMO/2026/10972,29.290600,76.580072,Pending,Weighbridge
Blick - Mitchell Jewellers,Sincere Morar,LMO/2026/10973,29.166647,77.063912,Passed,Weighbridge
Pfeffer Inc Logistics Hub,Mr. Newell Brakus,LMO/2026/10974,28.679775,77.190079,Passed,Platform Scale
Cremin Hagenes and Lynch Fertilizers & Agro Chemicals,Giuseppe Stark,LMO/2026/10975,29.319069,77.124552,Pending,Electronic Counter Scale
Pouros - Doyle Kirana Store,Bob Morissette-Green,LMO/2026/10976,28.633849,76.419135,Pending,Non-Automatic Weighing Instrument
Konopelski - Heller Kirana Store,Asha Pfeffer,LMO/2026/10977,28.188473,76.796580,Passed,Electronic Weighing Scale
Gulgowski and Sons Flour Mill,Sheridan Blanda,LMO/2026/10978,29.526127,77.229801,Passed,Analytical Precision Balance
Bruen Group Dairy & Sweets,Hadley Lesch-Haley,LMO/2026/10979,28.338897,76.654128,Passed,Non-Automatic Weighing Instrument
Goldner Russel and Mann Fertilizers & Agro Chemicals,Jaleel Hettinger,LMO/2026/10980,29.749807,77.184165,Pending,Non-Automatic Weighing Instrument
Heller Mohr and Nitzsche Jewellers,Dangelo Watsica,LMO/2026/10981,28.395783,76.436509,Pending,Automatic Gravimetric Filling Scale
Parker Inc Jewellers,Christina Green-Wunsch Jr.,LMO/2026/10982,29.157437,76.473567,Failed,Flow Meter
Parisian - Bogisich Jewellers,Everardo Ruecker,LMO/2026/10983,28.784592,77.303411,Pending,Analytical Precision Balance
Pacocha Parisian and Herman-Zboncak Flour Mill,Ms. August Gibson,LMO/2026/10984,28.703984,77.270352,Passed,Automatic Gravimetric Filling Scale
Aufderhar Feil and Bruen Hardware & Steel Depot,Barton Abernathy,LMO/2026/10985,28.509423,76.829372,Pending,Electronic Counter Scale
Dibbert Marvin and Willms Jewellers,Summer Barton II,LMO/2026/10986,29.617780,76.552224,Pending,Automatic Gravimetric Filling Scale
Turner Skiles and Upton Pharma Labs,Monserrat Williamson,LMO/2026/10987,29.675932,77.171092,Passed,Weighbridge
Lindgren - Cormier Dairy & Sweets,Mossie Bartoletti,LMO/2026/10988,28.561255,76.949287,Pending,Analytical Precision Balance
Larkin Schoen and Krajcik Dairy & Sweets,Jules Lowe Jr.,LMO/2026/10989,28.611128,77.306952,Pending,Analytical Precision Balance
Koelpin LLC Hardware & Steel Depot,Eloisa Miller,LMO/2026/10990,28.571999,77.144770,Pending,Crane Scale
Bergnaum - Block Kirana Store,Regan Johnson,LMO/2026/10991,28.861866,77.433277,Pending,Flow Meter
Crooks Emmerich and Ullrich Jewellers,Aaron Morar,LMO/2026/10992,29.128679,77.087723,Passed,Non-Automatic Weighing Instrument
Dietrich - Quigley Fertilizers & Agro Chemicals,Brent Donnelly-Bins,LMO/2026/10993,29.561320,77.297198,Pending,Platform Scale
Heathcote Inc General Trading Co,Hugo Wunsch,LMO/2026/10994,28.711993,76.976891,Pending,Platform Scale
Corkery Inc Dairy & Sweets,Ottilie Bradtke,LMO/2026/10995,29.128848,76.798023,Pending,Fuel Dispenser
Koelpin - Dickens Fuel Station,Jovany Jerde,LMO/2026/10996,29.320893,76.492483,Failed,Automatic Gravimetric Filling Scale
Stanton Cassin and Zulauf Fertilizers & Agro Chemicals,Esteban Ratke,LMO/2026/10997,28.879731,77.093077,Passed,Weighbridge
Buckridge Zulauf and Cassin Fertilizers & Agro Chemicals,Napoleon Treutel,LMO/2026/10998,29.093573,76.417071,Passed,Automatic Gravimetric Filling Scale
Gibson - Hermann Jewellers,Krystal Dicki,LMO/2026/10999,29.126878,76.720008,Pending,Flow Meter
Sauer Runolfsdottir and Koch Jewellers,Raymundo Waelchi,LMO/2026/11000,28.184490,77.096060,Pending,Electronic Weighing Scale